Loc,Lat,Lon,Arable land
Bangladesh,23.7055,90.4113,60.4908965199355
Denmark,55.6763,12.5681,58.925
Ukraine,50.4536,30.5038,56.8243010010356
Moldova,47.0167,28.8497,56.4609303739739
India,28.6353,77.225,51.8513672856427
Rwanda,-1.95325,30.0587,51.4146736927442
Burundi,-3.3784,29.3639,49.4548286604361
Togo,6.1228,1.2255,48.7221915793344
Hungary,47.4984,19.0408,45.3616524216524
"Gambia, The",13.4495,-16.5885,43.4782608695652
Malawi,-13.9899,33.7703,42.4268137462877
Isle of Man,54.1509,-4.47928,40.7017543859649
Nigeria,9.05804,7.48906,40.4844252665327
Pakistan,30.5167,72.8,39.2797841427978
Mauritius,-20.1605,57.4977,37.5563345017526
Romania,44.4479,26.0979,37.3261474269819
Haiti,18.5392,-72.3288,36.4658925979681
Lithuania,54.6896,25.2799,36.3999361124421
Poland,52.26,21.02,36.1940542306436
Comoros,-11.6986,43.2418,34.9274583557227
El Salvador,13.7034,-89.2073,34.7972972972973
Uganda,0.314269,32.5729,34.4105326152005
Germany,52.5235,13.4115,33.3667248633332
San Marino,43.9322,12.4486,33.0833333333333
Bulgaria,42.7105,23.3238,32.2402358142962
Czechia,50.0878,14.4205,32.0693957764556
Thailand,13.7308,100.521,31.6905791853432
France,48.8566,2.35097,31.5621764542165
Serbia,44.8024,20.4656,31.0976334879296
Benin,6.4779,2.6323,30.9233283079106
Netherlands,52.3738,4.89095,29.7891297891298
Burkina Faso,12.3605,-1.53395,28.4413676900585
Belgium,50.8371,4.36761,28.3872237161409
Cuba,23.1333,-82.3667,28.0211946050096
Tonga,-21.136,-175.216,27.7777777777778
Belarus,53.9678,27.5766,27.7112589307711
Slovak Republic,48.1484,17.1073,27.5790349417637
Turkiye,39.7153,32.3606,25.8318932474046
Azerbaijan,40.3834,49.8932,25.275257108288
United Kingdom,51.5002,-0.126236,24.8410870913074
Syrian Arab Republic,33.5146,36.3119,24.6694140391004
Malta,35.9042,14.5189,24.375
Italy,41.8955,12.4823,24.3232955832773
Luxembourg,49.61,6.1296,24.2660596785345
Cambodia,11.5556,104.874,23.3409228416044
Spain,40.4167,-3.70327,23.112437562789
Sri Lanka,6.92148,79.8528,22.1791141286777
Sierra Leone,8.4821,-13.2134,21.9451371571072
Albania,41.3317,19.8172,21.8941605839416
Latvia,56.9465,24.1048,21.8865498955488
Viet Nam,21.0069,105.825,21.6740633444895
Guinea,9.51667,-13.7,21.3538258993977
Ghana,5.57045,-0.20795,20.6998545265961
Senegal,14.7247,-17.4734,19.893003687737
Bosnia and Herzegovina,43.8607,18.4214,19.6875
St. Kitts and Nevis,17.3,-62.7309,19.2307692307692
"Korea, Dem. People's Rep.",39.0319,125.754,19.0598787476123
Philippines,14.5515,121.035,18.7476942683704
Dominican Republic,18.479,-69.8908,18.7447886863402
Tunisia,36.7899,10.21,18.2241246138002
Myanmar,21.914,95.9562,16.8385248287802
United States,38.8895,-77.032,16.6944952784501
North Macedonia,42.0024,21.4361,16.5344964314036
Estonia,59.4392,24.7586,16.374269005848
Barbados,13.0935,-59.6105,16.2790697674419
Austria,48.2201,16.3798,16.0315232670868
Morocco,33.9905,-6.8704,15.9842189110464
Armenia,40.1596,44.509,15.7257362373209
Argentina,-34.6118,-58.4173,15.4306845130431
Croatia,45.8069,15.9614,15.3145103645461
Tanzania,-6.17486,35.7382,15.2432829081057
Ethiopia,9.02274,38.7468,14.560115607756
Guatemala,14.6248,-90.5328,14.501679731243
Greece,37.9792,23.7166,14.0607439875873
Guinea-Bissau,11.8037,-15.1804,14.0239971550498
Niger,13.514,2.1073,13.9733164916713
Lebanon,33.8872,35.5134,13.8435679374389
Cote d'Ivoire,5.332,-4.0305,13.8043987421384
"Korea, Rep.",37.5323,126.957,13.7602459016393
Cameroon,3.8721,11.5174,13.1158638488714
Maldives,4.1742,73.5109,13.0
Nepal,27.6939,85.3157,12.8107938611789
Israel,31.7717,35.2035,12.5924214417745
Nicaragua,12.1475,-86.2734,12.4896127638358
Cabo Verde,14.9218,-23.5087,12.4069478908189
Afghanistan,34.5228,69.1761,12.0034343713107
China,40.0495,116.286,11.6065788899055
Uruguay,-34.8941,-56.0675,11.6043880699349
Iraq,33.3302,44.394,11.4458802662797
Kenya,-1.27975,36.8126,11.4175064467254
Sudan,15.5932,32.5363,11.2392933618844
Japan,35.67,139.77,11.2098765432099
Paraguay,-25.3005,-57.6362,11.1639020891014
Mexico,19.427,-99.1276,11.1488039301422
Aruba,12.5167,-70.0167,11.1111111111111
Jamaica,17.9927,-76.792,11.0803324099723
Kazakhstan,51.1879,71.4382,10.9899988887654
Liechtenstein,47.1411,9.52148,10.8125
Portugal,38.7072,-9.13552,10.564565921734
Zimbabwe,-17.8312,31.0672,10.4083078712679
Eswatini,-26.5225,31.4659,10.2906976744186
Cyprus,35.1676,33.3736,10.1207792207792
Switzerland,46.948,7.44821,10.009321778007
South Africa,-25.746,28.1871,9.89209374407505
"Iran, Islamic Rep.",35.6878,51.4447,9.67580893682589
Indonesia,-6.19752,106.83,9.40017404086973
Uzbekistan,41.3052,69.269,9.11397403399046
Honduras,15.1333,-87.4667,9.09822146751274
Antigua and Barbuda,17.1175,-61.8456,9.09090909090909
Slovenia,46.0546,14.5044,8.88987107923959
Grenada,12.0653,-61.7449,8.82352941176471
Dominica,15.2976,-61.39,8.0
Panama,8.99427,-79.5188,7.61660825020221
Timor-Leste,-8.56667,125.567,7.49831876260928
Russian Federation,55.7558,37.6176,7.42809828740168
Lesotho,-29.5208,27.7167,7.42424242424242
Finland,60.1608,24.9525,7.37955904913905
Mozambique,-25.9664,32.5713,7.18482158752766
West Bank and Gaza,31.9038,35.2034,6.95435684647303
Mali,13.5667,-7.50034,6.83582065088224
Kyrgyz Republic,42.8851,74.6057,6.71220020855057
British Virgin Islands,18.431389,-64.623056,6.66666666666667
Brazil,-15.7801,-47.9292,6.6600942314917
Ireland,53.3441,-6.26749,6.32893017854551
Sweden,59.3327,18.0645,6.22421921037124
"Congo, Dem. Rep.",-4.325,15.3222,6.04502913477868
Tajikistan,38.5878,68.7864,6.03789898407666
Eritrea,15.3315,38.9183,5.69409349206375
Puerto Rico (US),18.23,-66.0,5.65952649379932
Bermuda,32.3293,-64.706,5.55555555555556
Lao PDR,18.5826,102.177,5.30329289428076
Liberia,6.30039,-10.7957,5.19102990033223
Madagascar,-20.4667,45.7167,5.15641113784806
St. Vincent and the Grenadines,13.2035,-61.2653,5.12820512820513
Zambia,-15.3982,28.2937,5.11171794078478
Bolivia,-13.9908,-66.1936,4.98791673589957
Trinidad and Tobago,10.6596,-61.4789,4.87329434697856
American Samoa,-14.2846,-170.691,4.85
Georgia,41.71,44.793,4.48985465534609
Belize,17.2534,-88.7713,4.38404208680403
St. Lucia,14.0,-60.9832,4.37704918032787
Canada,45.4215,-75.6919,4.35320354546179
Angola,-8.81155,13.242,4.28972487366648
Chad,12.1048,15.0445,4.20902160101652
Fiji,-18.1149,178.399,4.20361247947455
Sao Tome and Principe,0.20618,6.6071,4.16666666666667
Ecuador,-0.229498,-78.5243,4.12304718956354
Australia,-35.282,149.129,4.0646020161154
Samoa,-13.8314,-171.752,4.06115107913669
South Sudan,4.85,31.6,3.789502001804
Turkmenistan,37.9509,58.3794,3.39539931479156
Peru,-12.0931,-77.0465,3.35179375
Costa Rica,9.63701,-84.0089,3.27327457892675
Algeria,36.7397,3.05097,3.16197401899452
"Egypt, Arab Rep.",30.0982,31.2461,3.09106434275956
"Venezuela, RB",9.08165,-69.8371,2.94767870302137
Central African Republic,5.63056,21.6407,2.88933834151979
"Micronesia, Fed. Sts.",6.91771,158.185,2.85714285714286
Marshall Islands,7.11046,171.135,2.77777777777778
Bahrain,26.1921,50.5354,2.65822784810127
Virgin Islands (U.S.),18.3358,-64.8963,2.57142857142857
Bhutan,27.5768,89.6177,2.54326166754064
Malaysia,3.12433,101.684,2.51197686805661
Kiribati,1.32905,172.979,2.46913580246914
New Zealand,-41.2865,174.776,2.33944779917208
Jordan,31.9497,35.9263,2.24339482397459
Norway,59.9138,10.7387,2.20715403409559
"Yemen, Rep.",15.352,44.2075,2.19330643786579
Colombia,4.60987,-74.082,2.1601922487607
Chile,-33.475,-70.6475,2.01809524430058
"Hong Kong SAR, China",22.3964,114.109,1.9047619047619
Equatorial Guinea,3.7523,8.7741,1.88948306595365
Guam,13.4443,144.794,1.85185185185185
Qatar,25.2948,51.5082,1.82767624020888
"Somalia, Fed. Rep.",2.07515,45.3254,1.75343513884018
Vanuatu,-17.7404,168.321,1.64068908941756
"Congo, Rep.",-4.2767,15.2662,1.61054172767204
Saudi Arabia,24.6748,46.6977,1.59577287888021
Andorra,42.5075,1.5218,1.59063829787234
Gabon,0.38832,9.45162,1.26130321729344
Iceland,64.1353,-21.8952,1.20003967073292
Turks and Caicos Islands,21.4602778,-71.141389,1.05263157894737
Libya,32.8578,13.1072,0.977528217602328
Namibia,-22.5648,17.0931,0.971711061715799
Cayman Islands,19.3022,-81.3857,0.833333333333333
Solomon Islands,-9.42676,159.949,0.821722043586995
"Bahamas, The",25.0661,-77.339,0.799200799200799
Singapore,1.28941,103.85,0.779944289693593
Brunei Darussalam,4.94199,114.946,0.759013282732448
Papua New Guinea,-9.47357,147.194,0.728702027116548
French Polynesia,-17.535,-149.57,0.720253529242293
Mongolia,47.9129,106.937,0.719629831519216
United Arab Emirates,24.4764,54.3705,0.708251196845959
Montenegro,42.4602,19.2595,0.661710037174721
Palau,7.34194,134.479,0.652173913043478
Guyana,6.80461,-58.1548,0.459410817467083
Botswana,-24.6544,25.9201,0.458772254865633
Kuwait,29.3721,47.9824,0.448933782267116
Mauritania,18.2367,-15.9824,0.436596487823809
Suriname,5.8232,-55.1679,0.361353583172785
New Caledonia,-22.2677,166.464,0.326586433260394
Seychelles,-4.6309,55.4466,0.326086956521739
Oman,23.6105,58.5874,0.241227786752827
Northern Mariana Islands,15.1935,145.765,0.173913043478261
Djibouti,11.5806,43.1425,0.129421915444349
Faroe Islands,61.8926,-6.91181,0.0510948905109489
