Loc,Lat,Lon,CO2 emissions
China,40.0495,116.286,12552
United States,38.8895,-77.032,4754
India,28.6353,77.225,2598
Russian Federation,55.7558,37.6176,1938
Japan,35.67,139.77,1080
"Iran, Islamic Rep.",35.6878,51.4447,784
Germany,52.5235,13.4115,671
"Korea, Rep.",37.5323,126.957,639
Indonesia,-6.19752,106.83,623
Saudi Arabia,24.6748,46.6977,590
Canada,45.4215,-75.6919,562
Brazil,-15.7801,-47.9292,506
Turkiye,39.7153,32.3606,461
Mexico,19.427,-99.1276,453
South Africa,-25.746,28.1871,449
Australia,-35.282,149.129,385
United Kingdom,51.5002,-0.126236,338
Viet Nam,21.0069,105.825,336
Italy,41.8955,12.4823,330
Poland,52.26,21.02,324
France,48.8566,2.35097,317
Thailand,13.7308,100.521,269
"Egypt, Arab Rep.",30.0982,31.2461,262
Malaysia,3.12433,101.684,258
Kazakhstan,51.1879,71.4382,242
Spain,40.4167,-3.70327,233
Pakistan,30.5167,72.8,229
Iraq,33.3302,44.394,200
United Arab Emirates,24.4764,54.3705,199
Ukraine,50.4536,30.5038,194
Argentina,-34.6118,-58.4173,186
Algeria,36.7397,3.05097,181
Netherlands,52.3738,4.89095,146
Philippines,14.5515,121.035,146
Uzbekistan,41.3052,69.269,134
Nigeria,9.05804,7.48906,131
Bangladesh,23.7055,90.4113,118
Qatar,25.2948,51.5082,118
Czechia,50.0878,14.4205,100
Kuwait,29.3721,47.9824,100
Belgium,50.8371,4.36761,96
Turkmenistan,37.9509,58.3794,95
Colombia,4.60987,-74.082,92
Chile,-33.475,-70.6475,89
Oman,23.6105,58.5874,88
Romania,44.4479,26.0979,81
"Venezuela, RB",9.08165,-69.8371,76
Morocco,33.9905,-6.8704,73
Austria,48.2201,16.3798,66
Israel,31.7717,35.2035,61
Peru,-12.0931,-77.0465,60
Belarus,53.9678,27.5766,59
Libya,32.8578,13.1072,58
"Korea, Dem. People's Rep.",39.0319,125.754,57
Singapore,1.28941,103.85,56
Greece,37.9792,23.7166,54
Hungary,47.4984,19.0408,51
Bulgaria,42.7105,23.3238,46
Norway,59.9138,10.7387,44
Ecuador,-0.229498,-78.5243,41
Sweden,59.3327,18.0645,40
Finland,60.1608,24.9525,39
Portugal,38.7072,-9.13552,39
Switzerland,46.948,7.44821,38
Azerbaijan,40.3834,49.8932,37
Slovak Republic,48.1484,17.1073,37
Bahrain,26.1921,50.5354,37
Ireland,53.3441,-6.26749,36
New Zealand,-41.2865,174.776,35
"Hong Kong SAR, China",22.3964,114.109,35
Myanmar,21.914,95.9562,32
Syrian Arab Republic,33.5146,36.3119,32
Tunisia,36.7899,10.21,31
Dominican Republic,18.479,-69.8908,30
Denmark,55.6763,12.5681,30
Trinidad and Tobago,10.6596,-61.4789,29
Angola,-8.81155,13.242,26
Mongolia,47.9129,106.937,25
Lao PDR,18.5826,102.177,24
Ghana,5.57045,-0.20795,24
Sudan,15.5932,32.5363,24
Sri Lanka,6.92148,79.8528,23
Bosnia and Herzegovina,43.8607,18.4214,23
Cuba,23.1333,-82.3667,22
Bolivia,-13.9908,-66.1936,22
Kenya,-1.27975,36.8126,22
Jordan,31.9497,35.9263,22
Guatemala,14.6248,-90.5328,20
Ethiopia,9.02274,38.7468,19
Tanzania,-6.17486,35.7382,19
Cambodia,11.5556,104.874,18
Croatia,45.8069,15.9614,18
Lebanon,33.8872,35.5134,17
Nepal,27.6939,85.3157,17
Cote d'Ivoire,5.332,-4.0305,17
Lithuania,54.6896,25.2799,14
Slovenia,46.0546,14.5044,14
Estonia,59.4392,24.7586,13
Puerto Rico (US),18.23,-66.0,13
Senegal,14.7247,-17.4734,13
Georgia,41.71,44.793,12
Afghanistan,34.5228,69.1761,12
"Yemen, Rep.",15.352,44.2075,11
Panama,8.99427,-79.5188,11
Zimbabwe,-17.8312,31.0672,11
Kyrgyz Republic,42.8851,74.6057,11
Zambia,-15.3982,28.2937,10
Cameroon,3.8721,11.5174,10
Brunei Darussalam,4.94199,114.946,10
Moldova,47.0167,28.8497,10
Honduras,15.1333,-87.4667,10
Uruguay,-34.8941,-56.0675,9
Tajikistan,38.5878,68.7864,9
Mozambique,-25.9664,32.5713,9
North Macedonia,42.0024,21.4361,8
Costa Rica,9.63701,-84.0089,8
Paraguay,-25.3005,-57.6362,8
Uganda,0.314269,32.5729,8
El Salvador,13.7034,-89.2073,8
Luxembourg,49.61,6.1296,8
Latvia,56.9465,24.1048,8
Cyprus,35.1676,33.3736,7
Mali,13.5667,-7.50034,7
Armenia,40.1596,44.509,7
Botswana,-24.6544,25.9201,7
Benin,6.4779,2.6323,7
"Congo, Rep.",-4.2767,15.2662,7
Malawi,-13.9899,33.7703,6
Burkina Faso,12.3605,-1.53395,6
Jamaica,17.9927,-76.792,6
New Caledonia,-22.2677,166.464,5
Nicaragua,12.1475,-86.2734,5
"Congo, Dem. Rep.",-4.325,15.3222,5
Equatorial Guinea,3.7523,8.7741,5
Albania,41.3317,19.8172,5
Papua New Guinea,-9.47357,147.194,5
Guinea,9.51667,-13.7,5
Gabon,0.38832,9.45162,5
Madagascar,-20.4667,45.7167,4
Mauritius,-20.1605,57.4977,4
Mauritania,18.2367,-15.9824,4
Namibia,-22.5648,17.0931,4
Guyana,6.80461,-58.1548,3
Chad,12.1048,15.0445,3
Togo,6.1228,1.2255,3
Suriname,5.8232,-55.1679,3
Iceland,64.1353,-21.8952,3
Niger,13.514,2.1073,3
Haiti,18.5392,-72.3288,3
Rwanda,-1.95325,30.0587,2
Malta,35.9042,14.5189,2
"Macao SAR, China",22.1667,113.55,2
Maldives,4.1742,73.5109,2
Bhutan,27.5768,89.6177,2
"Somalia, Fed. Rep.",2.07515,45.3254,1
Burundi,-3.3784,29.3639,1
Timor-Leste,-8.56667,125.567,1
Eswatini,-26.5225,31.4659,1
Seychelles,-4.6309,55.4466,1
Barbados,13.0935,-59.6105,1
"Bahamas, The",25.0661,-77.339,1
Sierra Leone,8.4821,-13.2134,1
Liberia,6.30039,-10.7957,1
Djibouti,11.5806,43.1425,1
Aruba,12.5167,-70.0167,1
French Polynesia,-17.535,-149.57,1
Gibraltar,36.1408,-5.3536,1
Palau,7.34194,134.479,1
Eritrea,15.3315,38.9183,1
Fiji,-18.1149,178.399,1
Lesotho,-29.5208,27.7167,1
Cabo Verde,14.9218,-23.5087,1
Greenland,64.1836,-51.7214,1
Samoa,-13.8314,-171.752,0
Vanuatu,-17.7404,168.321,0
Kiribati,1.32905,172.979,0
American Samoa,-14.2846,-170.691,0
Grenada,12.0653,-61.7449,0
Virgin Islands (U.S.),18.3358,-64.8963,0
British Virgin Islands,18.431389,-64.623056,0
St. Lucia,14.0,-60.9832,0
Antigua and Barbuda,17.1175,-61.8456,0
St. Vincent and the Grenadines,13.2035,-61.2653,0
Marshall Islands,7.11046,171.135,0
Northern Mariana Islands,15.1935,145.765,0
Guam,13.4443,144.794,0
Solomon Islands,-9.42676,159.949,0
Nauru,-0.5477,166.920867,0
Tuvalu,-8.6314877,179.089567,0
Belize,17.2534,-88.7713,0
Comoros,-11.6986,43.2418,0
Guinea-Bissau,11.8037,-15.1804,0
Tonga,-21.136,-175.216,0
"Gambia, The",13.4495,-16.5885,0
"Micronesia, Fed. Sts.",6.91771,158.185,0
Faroe Islands,61.8926,-6.91181,0
Turks and Caicos Islands,21.4602778,-71.141389,0
Dominica,15.2976,-61.39,0
Central African Republic,5.63056,21.6407,0
St. Kitts and Nevis,17.3,-62.7309,0
Cayman Islands,19.3022,-81.3857,0
Sao Tome and Principe,0.20618,6.6071,0
Bermuda,32.3293,-64.706,0
