Loc,Lat,Lon,Electricity access
Lebanon,33.8872,35.5134,100.0
French Polynesia,-17.535,-149.57,100.0
Kazakhstan,51.1879,71.4382,100.0
Japan,35.67,139.77,100.0
Jordan,31.9497,35.9263,100.0
Jamaica,17.9927,-76.792,100.0
Italy,41.8955,12.4823,100.0
Israel,31.7717,35.2035,100.0
Iceland,64.1353,-21.8952,100.0
Iraq,33.3302,44.394,100.0
"Iran, Islamic Rep.",35.6878,51.4447,100.0
Ireland,53.3441,-6.26749,100.0
West Bank and Gaza,31.9038,35.2034,100.0
Isle of Man,54.1509,-4.47928,100.0
Indonesia,-6.19752,106.83,100.0
Hungary,47.4984,19.0408,100.0
Croatia,45.8069,15.9614,100.0
Portugal,38.7072,-9.13552,100.0
Qatar,25.2948,51.5082,100.0
"Hong Kong SAR, China",22.3964,114.109,100.0
Romania,44.4479,26.0979,100.0
Guam,13.4443,144.794,100.0
Russian Federation,55.7558,37.6176,100.0
Greenland,64.1836,-51.7214,100.0
Saudi Arabia,24.6748,46.6977,100.0
Greece,37.9792,23.7166,100.0
Singapore,1.28941,103.85,100.0
El Salvador,13.7034,-89.2073,100.0
San Marino,43.9322,12.4486,100.0
Serbia,44.8024,20.4656,100.0
Gibraltar,36.1408,-5.3536,100.0
Slovak Republic,48.1484,17.1073,100.0
Paraguay,-25.3005,-57.6362,100.0
Puerto Rico (US),18.23,-66.0,100.0
Mauritius,-20.1605,57.4977,100.0
St. Martin (French part),18.0708,-63.0847,100.0
Northern Mariana Islands,15.1935,145.765,100.0
Mongolia,47.9129,106.937,100.0
Montenegro,42.4602,19.2595,100.0
New Caledonia,-22.2677,166.464,100.0
Malta,35.9042,14.5189,100.0
Netherlands,52.3738,4.89095,100.0
North Macedonia,42.0024,21.4361,100.0
Marshall Islands,7.11046,171.135,100.0
Mexico,19.427,-99.1276,100.0
Maldives,4.1742,73.5109,100.0
Norway,59.9138,10.7387,100.0
Moldova,47.0167,28.8497,100.0
Monaco,43.7325,7.41891,100.0
Morocco,33.9905,-6.8704,100.0
"Macao SAR, China",22.1667,113.55,100.0
Poland,52.26,21.02,100.0
Latvia,56.9465,24.1048,100.0
Luxembourg,49.61,6.1296,100.0
Lithuania,54.6896,25.2799,100.0
Nauru,-0.5477,166.920867,100.0
Sri Lanka,6.92148,79.8528,100.0
Liechtenstein,47.1411,9.52148,100.0
St. Lucia,14.0,-60.9832,100.0
New Zealand,-41.2865,174.776,100.0
Oman,23.6105,58.5874,100.0
Palau,7.34194,134.479,100.0
Lao PDR,18.5826,102.177,100.0
Kuwait,29.3721,47.9824,100.0
"Korea, Rep.",37.5323,126.957,100.0
St. Kitts and Nevis,17.3,-62.7309,100.0
Georgia,41.71,44.793,100.0
United Kingdom,51.5002,-0.126236,100.0
Slovenia,46.0546,14.5044,100.0
Bulgaria,42.7105,23.3238,100.0
Canada,45.4215,-75.6919,100.0
Ukraine,50.4536,30.5038,100.0
Uruguay,-34.8941,-56.0675,100.0
Bhutan,27.5768,89.6177,100.0
Brunei Darussalam,4.94199,114.946,100.0
Barbados,13.0935,-59.6105,100.0
Brazil,-15.7801,-47.9292,100.0
United States,38.8895,-77.032,100.0
Bermuda,32.3293,-64.706,100.0
Uzbekistan,41.3052,69.269,100.0
Belarus,53.9678,27.5766,100.0
Bosnia and Herzegovina,43.8607,18.4214,100.0
"Bahamas, The",25.0661,-77.339,100.0
Bahrain,26.1921,50.5354,100.0
St. Vincent and the Grenadines,13.2035,-61.2653,100.0
Sweden,59.3327,18.0645,100.0
"Venezuela, RB",9.08165,-69.8371,100.0
British Virgin Islands,18.431389,-64.623056,100.0
Belgium,50.8371,4.36761,100.0
Virgin Islands (U.S.),18.3358,-64.8963,100.0
Azerbaijan,40.3834,49.8932,100.0
Austria,48.2201,16.3798,100.0
Australia,-35.282,149.129,100.0
Antigua and Barbuda,17.1175,-61.8456,100.0
Armenia,40.1596,44.509,100.0
Argentina,-34.6118,-58.4173,100.0
United Arab Emirates,24.4764,54.3705,100.0
Andorra,42.5075,1.5218,100.0
Albania,41.3317,19.8172,100.0
Viet Nam,21.0069,105.825,100.0
Switzerland,46.948,7.44821,100.0
Channel Islands,49.4556,-2.5361,100.0
Chile,-33.475,-70.6475,100.0
Germany,52.5235,13.4115,100.0
Faroe Islands,61.8926,-6.91181,100.0
France,48.8566,2.35097,100.0
Sint Maarten (Dutch part),18.0237,-63.0458,100.0
Finland,60.1608,24.9525,100.0
Seychelles,-4.6309,55.4466,100.0
Estonia,59.4392,24.7586,100.0
Spain,40.4167,-3.70327,100.0
"Egypt, Arab Rep.",30.0982,31.2461,100.0
Ecuador,-0.229498,-78.5243,100.0
Algeria,36.7397,3.05097,100.0
Denmark,55.6763,12.5681,100.0
Dominica,15.2976,-61.39,100.0
China,40.0495,116.286,100.0
Tajikistan,38.5878,68.7864,100.0
Czechia,50.0878,14.4205,100.0
Cyprus,35.1676,33.3736,100.0
Cayman Islands,19.3022,-81.3857,100.0
Curacao,12.108,-68.9335,100.0
Cuba,23.1333,-82.3667,100.0
Costa Rica,9.63701,-84.0089,100.0
Turkmenistan,37.9509,58.3794,100.0
Tonga,-21.136,-175.216,100.0
Colombia,4.60987,-74.082,100.0
Trinidad and Tobago,10.6596,-61.4789,100.0
Tunisia,36.7899,10.21,100.0
Turkiye,39.7153,32.3606,100.0
Tuvalu,-8.6314877,179.089567,100.0
Malaysia,3.12433,101.684,100.0
Thailand,13.7308,100.521,99.9
Turks and Caicos Islands,21.4602778,-71.141389,99.9
Aruba,12.5167,-70.0167,99.9
Bolivia,-13.9908,-66.1936,99.9
Timor-Leste,-8.56667,125.567,99.7
Kyrgyz Republic,42.8851,74.6057,99.7
Bangladesh,23.7055,90.4113,99.4
India,28.6353,77.225,99.2
Guatemala,14.6248,-90.5328,99.1
Suriname,5.8232,-55.1679,99.0
Belize,17.2534,-88.7713,98.6
Samoa,-13.8314,-171.752,98.3
Dominican Republic,18.479,-69.8908,98.1
Cabo Verde,14.9218,-23.5087,97.1
Peru,-12.0931,-77.0465,96.2
Panama,8.99427,-79.5188,95.0
Pakistan,30.5167,72.8,95.0
Philippines,14.5515,121.035,94.8
Honduras,15.1333,-87.4667,94.4
Kiribati,1.32905,172.979,94.4
Grenada,12.0653,-61.7449,94.2
Gabon,0.38832,9.45162,93.5
Guyana,6.80461,-58.1548,93.0
Cambodia,11.5556,104.874,92.3
Fiji,-18.1149,178.399,92.0
Nepal,27.6939,85.3157,91.3
Comoros,-11.6986,43.2418,89.9
Syrian Arab Republic,33.5146,36.3119,89.0
South Africa,-25.746,28.1871,86.5
Nicaragua,12.1475,-86.2734,86.5
Afghanistan,34.5228,69.1761,85.3
"Micronesia, Fed. Sts.",6.91771,158.185,85.3
Ghana,5.57045,-0.20795,85.1
Eswatini,-26.5225,31.4659,82.3
Sao Tome and Principe,0.20618,6.6071,78.0
Kenya,-1.27975,36.8126,76.0
"Yemen, Rep.",15.352,44.2075,76.0
Solomon Islands,-9.42676,159.949,76.0
Botswana,-24.6544,25.9201,75.9
Myanmar,21.914,95.9562,73.6
Cote d'Ivoire,5.332,-4.0305,72.0
Vanuatu,-17.7404,168.321,71.6
Cameroon,3.8721,11.5174,71.0
Libya,32.8578,13.1072,70.0
Senegal,14.7247,-17.4734,67.9
Equatorial Guinea,3.7523,8.7741,67.0
"Gambia, The",13.4495,-16.5885,65.4
Djibouti,11.5806,43.1425,65.0
Sudan,15.5932,32.5363,63.2
Nigeria,9.05804,7.48906,60.5
Togo,6.1228,1.2255,57.2
Benin,6.4779,2.6323,56.5
Namibia,-22.5648,17.0931,56.2
Ethiopia,9.02274,38.7468,55.4
"Korea, Dem. People's Rep.",39.0319,125.754,54.7
Eritrea,15.3315,38.9183,53.4
Mali,13.5667,-7.50034,53.0
Rwanda,-1.95325,30.0587,50.6
"Congo, Rep.",-4.2767,15.2662,50.6
Zimbabwe,-17.8312,31.0672,50.1
Lesotho,-29.5208,27.7167,50.0
Haiti,18.5392,-72.3288,49.3
Mauritania,18.2367,-15.9824,49.0
"Somalia, Fed. Rep.",2.07515,45.3254,48.9
Angola,-8.81155,13.242,48.5
Zambia,-15.3982,28.2937,47.8
Guinea,9.51667,-13.7,47.7
Uganda,0.314269,32.5729,47.1
Tanzania,-6.17486,35.7382,45.8
Guinea-Bissau,11.8037,-15.1804,37.4
Madagascar,-20.4667,45.7167,36.1
Mozambique,-25.9664,32.5713,33.2
Liberia,6.30039,-10.7957,31.8
Sierra Leone,8.4821,-13.2134,29.4
"Congo, Dem. Rep.",-4.325,15.3222,21.5
Niger,13.514,2.1073,19.5
Burkina Faso,12.3605,-1.53395,19.5
Papua New Guinea,-9.47357,147.194,19.0
Central African Republic,5.63056,21.6407,15.7
Malawi,-13.9899,33.7703,14.0
Chad,12.1048,15.0445,11.7
Burundi,-3.3784,29.3639,10.3
South Sudan,4.85,31.6,8.4
