Loc,Lat,Lon,Fertility rate
"Somalia, Fed. Rep.",2.07515,45.3254,6.132
Chad,12.1048,15.0445,6.12
Niger,13.514,2.1073,6.061
"Congo, Dem. Rep.",-4.325,15.3222,6.051
Central African Republic,5.63056,21.6407,6.012
Mali,13.5667,-7.50034,5.614
Angola,-8.81155,13.242,5.124
Burundi,-3.3784,29.3639,4.878
Afghanistan,34.5228,69.1761,4.84
Mozambique,-25.9664,32.5713,4.763
Mauritania,18.2367,-15.9824,4.697
Tanzania,-6.17486,35.7382,4.606
"Yemen, Rep.",15.352,44.2075,4.59
Benin,6.4779,2.6323,4.556
Nigeria,9.05804,7.48906,4.482
Sudan,15.5932,32.5363,4.323
Cameroon,3.8721,11.5174,4.322
Cote d'Ivoire,5.332,-4.0305,4.283
Uganda,0.314269,32.5729,4.283
Guinea,9.51667,-13.7,4.217
Togo,6.1228,1.2255,4.192401
Burkina Faso,12.3605,-1.53395,4.186
"Congo, Rep.",-4.2767,15.2662,4.157
Zambia,-15.3982,28.2937,4.101
Equatorial Guinea,3.7523,8.7741,4.081
"Gambia, The",13.4495,-16.5885,4.006
Ethiopia,9.02274,38.7468,3.989
Madagascar,-20.4667,45.7167,3.972
Liberia,6.30039,-10.7957,3.95
Comoros,-11.6986,43.2418,3.878
South Sudan,4.85,31.6,3.864
Guinea-Bissau,11.8037,-15.1804,3.836
Samoa,-13.8314,-171.752,3.829
Senegal,14.7247,-17.4734,3.818
Sierra Leone,8.4821,-13.2134,3.791
Zimbabwe,-17.8312,31.0672,3.724
Eritrea,15.3315,38.9183,3.713
Rwanda,-1.95325,30.0587,3.698
Malawi,-13.9899,33.7703,3.648
Gabon,0.38832,9.45162,3.647
Sao Tome and Principe,0.20618,6.6071,3.644
Pakistan,30.5167,72.8,3.605
Vanuatu,-17.7404,168.321,3.596
Solomon Islands,-9.42676,159.949,3.557
Uzbekistan,41.3052,69.269,3.5
Ghana,5.57045,-0.20795,3.397
Nauru,-0.5477,166.920867,3.331
West Bank and Gaza,31.9038,35.2034,3.311
Iraq,33.3302,44.394,3.249
Namibia,-22.5648,17.0931,3.212
Tuvalu,-8.6314877,179.089567,3.208
Kenya,-1.27975,36.8126,3.208
Kiribati,1.32905,172.979,3.147
Tonga,-21.136,-175.216,3.129
Papua New Guinea,-9.47357,147.194,3.099
Tajikistan,38.5878,68.7864,3.072
Kazakhstan,51.1879,71.4382,3.012
Marshall Islands,7.11046,171.135,2.919
Israel,31.7717,35.2035,2.85
Guam,13.4443,144.794,2.781
Algeria,36.7397,3.05097,2.766
Eswatini,-26.5225,31.4659,2.753
"Egypt, Arab Rep.",30.0982,31.2461,2.75
"Micronesia, Fed. Sts.",6.91771,158.185,2.748
Botswana,-24.6544,25.9201,2.732
St. Martin (French part),18.0708,-63.0847,2.718
Syrian Arab Republic,33.5146,36.3119,2.712
Timor-Leste,-8.56667,125.567,2.707
Kyrgyz Republic,42.8851,74.6057,2.7
Mongolia,47.9129,106.937,2.7
Lesotho,-29.5208,27.7167,2.694
Turkmenistan,37.9509,58.3794,2.69
Haiti,18.5392,-72.3288,2.656
Jordan,31.9497,35.9263,2.639
Djibouti,11.5806,43.1425,2.609
Cambodia,11.5556,104.874,2.579
Bolivia,-13.9908,-66.1936,2.547
Oman,23.6105,58.5874,2.525
Honduras,15.1333,-87.4667,2.5
Paraguay,-25.3005,-57.6362,2.422
Lao PDR,18.5826,102.177,2.421
Guyana,6.80461,-58.1548,2.412
Libya,32.8578,13.1072,2.355
Northern Mariana Islands,15.1935,145.765,2.348
Guatemala,14.6248,-90.5328,2.311
American Samoa,-14.2846,-170.691,2.286
Fiji,-18.1149,178.399,2.281
Saudi Arabia,24.6748,46.6977,2.28
Suriname,5.8232,-55.1679,2.249
Dominican Republic,18.479,-69.8908,2.243
Lebanon,33.8872,35.5134,2.239
Morocco,33.9905,-6.8704,2.23
Nicaragua,12.1475,-86.2734,2.218
South Africa,-25.746,28.1871,2.216
Seychelles,-4.6309,55.4466,2.18
Bangladesh,23.7055,90.4113,2.163
Indonesia,-6.19752,106.83,2.127
Panama,8.99427,-79.5188,2.119
Myanmar,21.914,95.9562,2.115
Monaco,43.7325,7.41891,2.11
"Venezuela, RB",9.08165,-69.8371,2.079
Belize,17.2534,-88.7713,2.007
Nepal,27.6939,85.3157,1.984
New Caledonia,-22.2677,166.464,1.98
Virgin Islands (U.S.),18.3358,-64.8963,1.98
Peru,-12.0931,-77.0465,1.98
India,28.6353,77.225,1.975
Sri Lanka,6.92148,79.8528,1.974
Philippines,14.5515,121.035,1.916
Viet Nam,21.0069,105.825,1.913
Mexico,19.427,-99.1276,1.91
Palau,7.34194,134.479,1.907
Armenia,40.1596,44.509,1.9
Gibraltar,36.1408,-5.3536,1.888
Faroe Islands,61.8926,-6.91181,1.8676
Tunisia,36.7899,10.21,1.832
Bahrain,26.1921,50.5354,1.824
Ecuador,-0.229498,-78.5243,1.823
Georgia,41.71,44.793,1.81
Bulgaria,42.7105,23.3238,1.81
"Korea, Dem. People's Rep.",39.0319,125.754,1.78
El Salvador,13.7034,-89.2073,1.775
St. Vincent and the Grenadines,13.2035,-61.2653,1.775
Greenland,64.1836,-51.7214,1.769
Brunei Darussalam,4.94199,114.946,1.747
Montenegro,42.4602,19.2595,1.74
Moldova,47.0167,28.8497,1.731
Qatar,25.2948,51.5082,1.729
Barbados,13.0935,-59.6105,1.708
"Iran, Islamic Rep.",35.6878,51.4447,1.695
France,48.8566,2.35097,1.66
Colombia,4.60987,-74.082,1.645
Serbia,44.8024,20.4656,1.62
Brazil,-15.7801,-47.9292,1.619
United States,38.8895,-77.032,1.6165
Aruba,12.5167,-70.0167,1.602
Antigua and Barbuda,17.1175,-61.8456,1.578
Maldives,4.1742,73.5109,1.575
New Zealand,-41.2865,174.776,1.57
United Kingdom,51.5002,-0.126236,1.56
Azerbaijan,40.3834,49.8932,1.55
Iceland,64.1353,-21.8952,1.55
Malaysia,3.12433,101.684,1.55
Hungary,47.4984,19.0408,1.55
Isle of Man,54.1509,-4.47928,1.548
Kosovo,42.565,20.926,1.545
Romania,44.4479,26.0979,1.54
Trinidad and Tobago,10.6596,-61.4789,1.532
Cayman Islands,19.3022,-81.3857,1.531
Kuwait,29.3721,47.9824,1.524
Cabo Verde,14.9218,-23.5087,1.522
Slovenia,46.0546,14.5044,1.51
Turkiye,39.7153,32.3606,1.51
St. Kitts and Nevis,17.3,-62.7309,1.505
French Polynesia,-17.535,-149.57,1.501
Ireland,53.3441,-6.26749,1.5
Argentina,-34.6118,-58.4173,1.5
Denmark,55.6763,12.5681,1.5
North Macedonia,42.0024,21.4361,1.5
Australia,-35.282,149.129,1.499
Slovak Republic,48.1484,17.1073,1.49
Grenada,12.0653,-61.7449,1.487
Bosnia and Herzegovina,43.8607,18.4214,1.486
Dominica,15.2976,-61.39,1.484
Belgium,50.8371,4.36761,1.47
Turks and Caicos Islands,21.4602778,-71.141389,1.463
Bhutan,27.5768,89.6177,1.462
Croatia,45.8069,15.9614,1.46
Czechia,50.0878,14.4205,1.46
Liechtenstein,47.1411,9.52148,1.45
Portugal,38.7072,-9.13552,1.45
Sweden,59.3327,18.0645,1.45
Sint Maarten (Dutch part),18.0237,-63.0458,1.447
Cuba,23.1333,-82.3667,1.439
Netherlands,52.3738,4.89095,1.43
Russian Federation,55.7558,37.6176,1.41
Uruguay,-34.8941,-56.0675,1.409
Bermuda,32.3293,-64.706,1.401
Mauritius,-20.1605,57.4977,1.4
Norway,59.9138,10.7387,1.4
Germany,52.5235,13.4115,1.39
Cyprus,35.1676,33.3736,1.389
St. Lucia,14.0,-60.9832,1.379
"Bahamas, The",25.0661,-77.339,1.373
Channel Islands,49.4556,-2.5361,1.37
Latvia,56.9465,24.1048,1.36
Jamaica,17.9927,-76.792,1.358
Albania,41.3317,19.8172,1.348
Switzerland,46.948,7.44821,1.33
Costa Rica,9.63701,-84.0089,1.33
Austria,48.2201,16.3798,1.32
Estonia,59.4392,24.7586,1.31
Curacao,12.108,-68.9335,1.3
Canada,45.4215,-75.6919,1.27
Finland,60.1608,24.9525,1.26
Greece,37.9792,23.7166,1.26
Luxembourg,49.61,6.1296,1.25
Thailand,13.7308,100.521,1.212
Italy,41.8955,12.4823,1.21
Belarus,53.9678,27.5766,1.208
United Arab Emirates,24.4764,54.3705,1.2
Japan,35.67,139.77,1.2
Poland,52.26,21.02,1.2
Lithuania,54.6896,25.2799,1.18
Chile,-33.475,-70.6475,1.167
San Marino,43.9322,12.4486,1.149
Spain,40.4167,-3.70327,1.12
Andorra,42.5075,1.5218,1.082
Malta,35.9042,14.5189,1.06
British Virgin Islands,18.431389,-64.623056,1.045
China,40.0495,116.286,0.999
Ukraine,50.4536,30.5038,0.977
Singapore,1.28941,103.85,0.97
Puerto Rico (US),18.23,-66.0,0.92
"Hong Kong SAR, China",22.3964,114.109,0.751
"Korea, Rep.",37.5323,126.957,0.721
"Macao SAR, China",22.1667,113.55,0.586
