Loc,Lat,Lon,Forest area
Russian Federation,55.7558,37.6176,8153120
Brazil,-15.7801,-47.9292,4941960
Canada,45.4215,-75.6919,3468541
United States,38.8895,-77.032,3097950
China,40.0495,116.286,2237370
Australia,-35.282,149.129,1340051
"Congo, Dem. Rep.",-4.325,15.3222,1239520
Indonesia,-6.19752,106.83,909221
India,28.6353,77.225,726930
Peru,-12.0931,-77.0465,719847
Angola,-8.81155,13.242,654973
Mexico,19.427,-99.1276,654370
Colombia,4.60987,-74.082,587433
Bolivia,-13.9908,-66.1936,504164
"Venezuela, RB",9.08165,-69.8371,461268
Tanzania,-6.17486,35.7382,448070
Zambia,-15.3982,28.2937,444376
Mozambique,-25.9664,32.5713,362673
Papua New Guinea,-9.47357,147.194,357887
Argentina,-34.6118,-58.4173,283550
Sweden,59.3327,18.0645,279800
Myanmar,21.914,95.9562,279645
Japan,35.67,139.77,249350
Gabon,0.38832,9.45162,235068
Turkiye,39.7153,32.3606,225324
Finland,60.1608,24.9525,224090
Central African Republic,5.63056,21.6407,222430
"Congo, Rep.",-4.2767,15.2662,219160
Nigeria,9.05804,7.48906,213004
Cameroon,3.8721,11.5174,202285
Thailand,13.7308,100.521,198010
Malaysia,3.12433,101.684,190137
Spain,40.4167,-3.70327,185808
Chile,-33.475,-70.6475,184565
Guyana,6.80461,-58.1548,183969
Sudan,15.5932,32.5363,180150
France,48.8566,2.35097,174198
Zimbabwe,-17.8312,31.0672,173524
South Africa,-25.746,28.1871,169773
Ethiopia,9.02274,38.7468,169225
Lao PDR,18.5826,102.177,165265
Paraguay,-25.3005,-57.6362,155436
Suriname,5.8232,-55.1679,151718
Botswana,-24.6544,25.9201,150181
Viet Nam,21.0069,105.825,147949
Mongolia,47.9129,106.937,141710
Mali,13.5667,-7.50034,132960
Madagascar,-20.4667,45.7167,124034
Ecuador,-0.229498,-78.5243,123693
Norway,59.9138,10.7387,121956
Germany,52.5235,13.4115,114190
"Iran, Islamic Rep.",35.6878,51.4447,107760
New Zealand,-41.2865,174.776,99319
Ukraine,50.4536,30.5038,97020
Italy,41.8955,12.4823,96738
Poland,52.26,21.02,95070
Belarus,53.9678,27.5766,87966
Ghana,5.57045,-0.20795,80002
Senegal,14.7247,-17.4734,79882
Cambodia,11.5556,104.874,77570
Liberia,6.30039,-10.7957,75569
Philippines,14.5515,121.035,72584
South Sudan,4.85,31.6,71570
Romania,44.4479,26.0979,69290
Namibia,-22.5648,17.0931,64969
Honduras,15.1333,-87.4667,63174
"Korea, Rep.",37.5323,126.957,62670
Burkina Faso,12.3605,-1.53395,61164
Guinea,9.51667,-13.7,61090
"Korea, Dem. People's Rep.",39.0319,125.754,59880
Nepal,27.6939,85.3157,59620
"Somalia, Fed. Rep.",2.07515,45.3254,58265
Morocco,33.9905,-6.8704,57634
Panama,8.99427,-79.5188,41910
Turkmenistan,37.9509,58.3794,41270
Chad,12.1048,15.0445,40914
Bulgaria,42.7105,23.3238,39190
Greece,37.9792,23.7166,39018
Austria,48.2201,16.3798,38954
Uzbekistan,41.3052,69.269,37413
Pakistan,30.5167,72.8,36432
Kenya,-1.27975,36.8126,36111
Kazakhstan,51.1879,71.4382,35132
Guatemala,14.6248,-90.5328,35046
Latvia,56.9465,24.1048,34185
Portugal,38.7072,-9.13552,33120
Cuba,23.1333,-82.3667,32420
Nicaragua,12.1475,-86.2734,32075
United Kingdom,51.5002,-0.126236,32069
Costa Rica,9.63701,-84.0089,30676
Benin,6.4779,2.6323,30352
Georgia,41.71,44.793,28224
Bhutan,27.5768,89.6177,27290
Serbia,44.8024,20.4656,27233
Czechia,50.0878,14.4205,26807
Cote d'Ivoire,5.332,-4.0305,26109
Solomon Islands,-9.42676,159.949,25215
Sierra Leone,8.4821,-13.2134,24954
Estonia,59.4392,24.7586,24384
Equatorial Guinea,3.7523,8.7741,24317
Uganda,0.314269,32.5729,22554
Lithuania,54.6896,25.2799,22039
Bosnia and Herzegovina,43.8607,18.4214,21879
Dominican Republic,18.479,-69.8908,21603
Malawi,-13.9899,33.7703,21577
Sri Lanka,6.92148,79.8528,21067
Uruguay,-34.8941,-56.0675,20730
Hungary,47.4984,19.0408,20501
Algeria,36.7397,3.05097,19680
Guinea-Bissau,11.8037,-15.1804,19631
Croatia,45.8069,15.9614,19441
Slovak Republic,48.1484,17.1073,19259
Bangladesh,23.7055,90.4113,18834
Kyrgyz Republic,42.8851,74.6057,13519
Switzerland,46.948,7.44821,12760
Belize,17.2534,-88.7713,12547
Slovenia,46.0546,14.5044,12338
Afghanistan,34.5228,69.1761,12084
Togo,6.1228,1.2255,12034
Azerbaijan,40.3834,49.8932,11548
Fiji,-18.1149,178.399,11534
Niger,13.514,2.1073,10549
Eritrea,15.3315,38.9183,10489
North Macedonia,42.0024,21.4361,10015
Saudi Arabia,24.6748,46.6977,9770
Timor-Leste,-8.56667,125.567,9183
New Caledonia,-22.2677,166.464,8378
Montenegro,42.4602,19.2595,8270
Iraq,33.3302,44.394,8250
Ireland,53.3441,-6.26749,7900
Albania,41.3317,19.8172,7889
Tunisia,36.7899,10.21,7058
Belgium,50.8371,4.36761,6893
Denmark,55.6763,12.5681,6303
Jamaica,17.9927,-76.792,6047
El Salvador,13.7034,-89.2073,5749
"Yemen, Rep.",15.352,44.2075,5490
Syrian Arab Republic,33.5146,36.3119,5220
"Bahamas, The",25.0661,-77.339,5099
Eswatini,-26.5225,31.4659,5000
Puerto Rico (US),18.23,-66.0,4973
Vanuatu,-17.7404,168.321,4423
Tajikistan,38.5878,68.7864,4258
Moldova,47.0167,28.8497,3865
Brunei Darussalam,4.94199,114.946,3800
Netherlands,52.3738,4.89095,3714
Haiti,18.5392,-72.3288,3411
Armenia,40.1596,44.509,3280
United Arab Emirates,24.4764,54.3705,3173
Mauritania,18.2367,-15.9824,3019
Burundi,-3.3784,29.3639,2796
Rwanda,-1.95325,30.0587,2780
"Gambia, The",13.4495,-16.5885,2312
Trinidad and Tobago,10.6596,-61.4789,2274
Libya,32.8578,13.1072,2170
Cyprus,35.1676,33.3736,1725
Samoa,-13.8314,-171.752,1607
French Polynesia,-17.535,-149.57,1495
Lebanon,33.8872,35.5134,1445
Israel,31.7717,35.2035,1400
Jordan,31.9497,35.9263,975
Luxembourg,49.61,6.1296,887
"Micronesia, Fed. Sts.",6.91771,158.185,645
Iceland,64.1353,-21.8952,527
Sao Tome and Principe,0.20618,6.6071,507
Dominica,15.2976,-61.39,479
Cabo Verde,14.9218,-23.5087,463
"Egypt, Arab Rep.",30.0982,31.2461,450
Palau,7.34194,134.479,416
Mauritius,-20.1605,57.4977,388
Lesotho,-29.5208,27.7167,345
Seychelles,-4.6309,55.4466,337
Comoros,-11.6986,43.2418,320
St. Vincent and the Grenadines,13.2035,-61.2653,285
Guam,13.4443,144.794,280
Northern Mariana Islands,15.1935,145.765,244
St. Lucia,14.0,-60.9832,208
Virgin Islands (U.S.),18.3358,-64.8963,202
Grenada,12.0653,-61.7449,177
American Samoa,-14.2846,-170.691,171
Andorra,42.5075,1.5218,160
Singapore,1.28941,103.85,152
Cayman Islands,19.3022,-81.3857,126
St. Kitts and Nevis,17.3,-62.7309,110
Turks and Caicos Islands,21.4602778,-71.141389,105
West Bank and Gaza,31.9038,35.2034,101
Marshall Islands,7.11046,171.135,94
Tonga,-21.136,-175.216,90
Antigua and Barbuda,17.1175,-61.8456,80
Liechtenstein,47.1411,9.52148,67
Barbados,13.0935,-59.6105,63
Kuwait,29.3721,47.9824,62
Djibouti,11.5806,43.1425,60
British Virgin Islands,18.431389,-64.623056,36
Isle of Man,54.1509,-4.47928,35
Oman,23.6105,58.5874,24
Kiribati,1.32905,172.979,12
St. Martin (French part),18.0708,-63.0847,12
San Marino,43.9322,12.4486,10
Bermuda,32.3293,-64.706,10
Tuvalu,-8.6314877,179.089567,10
Maldives,4.1742,73.5109,8
Bahrain,26.1921,50.5354,7
Malta,35.9042,14.5189,5
Aruba,12.5167,-70.0167,4
Sint Maarten (Dutch part),18.0237,-63.0458,4
Greenland,64.1836,-51.7214,2
Curacao,12.108,-68.9335,1
Faroe Islands,61.8926,-6.91181,1
Monaco,43.7325,7.41891,0
Gibraltar,36.1408,-5.3536,0
Nauru,-0.5477,166.920867,0
Qatar,25.2948,51.5082,0
