Loc,Lat,Lon,GDP
United States,38.8895,-77.032,27811517000000
China,40.0495,116.286,18270356654533
Germany,52.5235,13.4115,4562207532490
Japan,35.67,139.77,4384854269962
India,28.6353,77.225,3500906030645
United Kingdom,51.5002,-0.126236,3420796653789
France,48.8566,2.35097,3056250648138
Italy,41.8955,12.4823,2316882296366
Canada,45.4215,-75.6919,2196593836347
Brazil,-15.7801,-47.9292,2191131765685
Russian Federation,55.7558,37.6176,2046284838151
"Korea, Rep.",37.5323,126.957,1844800934392
Mexico,19.427,-99.1276,1794410347718
Australia,-35.282,149.129,1734451264656
Spain,40.4167,-3.70327,1619481980720
Indonesia,-6.19752,106.83,1371166925750
Saudi Arabia,24.6748,46.6977,1218584800000
Turkiye,39.7153,32.3606,1141242864657
Netherlands,52.3738,4.89095,1135475867551
Switzerland,46.948,7.44821,928435275852
Poland,52.26,21.02,812451193396
Belgium,50.8371,4.36761,650779364364
Argentina,-34.6118,-58.4173,649461687959
Sweden,59.3327,18.0645,578990915246
Ireland,53.3441,-6.26749,567372737459
United Arab Emirates,24.4764,54.3705,522622268401
Thailand,13.7308,100.521,517013369475
Austria,48.2201,16.3798,516670509629
Israel,31.7717,35.2035,513393395492
Singapore,1.28941,103.85,511181761244
Norway,59.9138,10.7387,502197633323
Nigeria,9.05804,7.48906,487387801878
"Iran, Islamic Rep.",35.6878,51.4447,457510482317
Bangladesh,23.7055,90.4113,437415333018
Philippines,14.5515,121.035,437055627245
Viet Nam,21.0069,105.825,433805036898
Denmark,55.6763,12.5681,404651706118
Malaysia,3.12433,101.684,399949418753
"Egypt, Arab Rep.",30.0982,31.2461,395926071448
South Africa,-25.746,28.1871,381440724491
"Hong Kong SAR, China",22.3964,114.109,380762296025
Colombia,4.60987,-74.082,366901643683
Romania,44.4479,26.0979,347757995759
Czechia,50.0878,14.4205,345059295660
Pakistan,30.5167,72.8,336686348609
Chile,-33.475,-70.6475,335802745366
Finland,60.1608,24.9525,295191741637
Portugal,38.7072,-9.13552,292323800949
Iraq,33.3302,44.394,268881051644
Peru,-12.0931,-77.0465,268025009709
Kazakhstan,51.1879,71.4382,261840101060
New Zealand,-41.2865,174.776,256372177758
Algeria,36.7397,3.05097,247923887215
Greece,37.9792,23.7166,242946187738
Hungary,47.4984,19.0408,213029511029
Qatar,25.2948,51.5082,213002809341
Ukraine,50.4536,30.5038,181221517869
Kuwait,29.3721,47.9824,165462656227
Morocco,33.9905,-6.8704,146036093667
Ethiopia,9.02274,38.7468,135874093203
Slovak Republic,48.1484,17.1073,133578518424
Ecuador,-0.229498,-78.5243,120792801000
Dominican Republic,18.479,-69.8908,120456239154
Puerto Rico (US),18.23,-66.0,118478754281
Uzbekistan,41.3052,69.269,107526539716
Kenya,-1.27975,36.8126,107500884685
Oman,23.6105,58.5874,106174707932
Angola,-8.81155,13.242,106042349567
Guatemala,14.6248,-90.5328,104298081429
"Venezuela, RB",9.08165,-69.8371,102377501186
Bulgaria,42.7105,23.3238,102204457335
Luxembourg,49.61,6.1296,88788881539
Costa Rica,9.63701,-84.0089,87512637056
Croatia,45.8069,15.9614,85621337533
Sri Lanka,6.92148,79.8528,84080307356
Panama,8.99427,-79.5188,83812155200
Serbia,44.8024,20.4656,81343999280
Cote d'Ivoire,5.332,-4.0305,80780312569
Ghana,5.57045,-0.20795,80547146876
Lithuania,54.6896,25.2799,80356613555
Uruguay,-34.8941,-56.0675,79208725900
Tanzania,-6.17486,35.7382,79030935638
Belarus,53.9678,27.5766,72478760370
Azerbaijan,40.3834,49.8932,72428470588
"Congo, Dem. Rep.",-4.325,15.3222,69843655425
Slovenia,46.0546,14.5044,69255264238
Myanmar,21.914,95.9562,66757619000
Jordan,31.9497,35.9263,56123472113
Bolivia,-13.9908,-66.1936,52340206946
Cameroon,3.8721,11.5174,48814501547
Uganda,0.314269,32.5729,48768955863
Tunisia,36.7899,10.21,48205328303
Bahrain,26.1921,50.5354,46192260638
"Macao SAR, China",22.1667,113.55,45626467280
Libya,32.8578,13.1072,44027664915
Paraguay,-25.3005,-57.6362,43140465596
Latvia,56.9465,24.1048,42779550937
Cambodia,11.5556,104.874,42335646896
Estonia,59.4392,24.7586,41470344395
Nepal,27.6939,85.3157,41049329851
Sudan,15.5932,32.5363,39898289821
Turkmenistan,37.9509,58.3794,39020211240
Zimbabwe,-17.8312,31.0672,35871781303
Cyprus,35.1676,33.3736,35075440603
Honduras,15.1333,-87.4667,34355805528
El Salvador,13.7034,-89.2073,33565430000
Iceland,64.1353,-21.8952,31701996434
Papua New Guinea,-9.47357,147.194,30816328066
Georgia,41.71,44.793,30777833601
Senegal,14.7247,-17.4734,30696331296
Bosnia and Herzegovina,43.8607,18.4214,27592361498
Zambia,-15.3982,28.2937,27577956471
Trinidad and Tobago,10.6596,-61.4789,25036993423
Mali,13.5667,-7.50034,24777941861
Armenia,40.1596,44.509,24185982216
Albania,41.3317,19.8172,23491242727
Malta,35.9042,14.5189,22625329776
Guinea,9.51667,-13.7,22407615556
Jamaica,17.9927,-76.792,21418797833
Mozambique,-25.9664,32.5713,20927498317
Mongolia,47.9129,106.937,20325121394
Burkina Faso,12.3605,-1.53395,20106062972
Lebanon,33.8872,35.5134,20078620357
Benin,6.4779,2.6323,19673291004
Haiti,18.5392,-72.3288,19572288894
Botswana,-24.6544,25.9201,19413614555
Gabon,0.38832,9.45162,19388372071
West Bank and Gaza,31.9038,35.2034,18635100000
Chad,12.1048,15.0445,18352937976
Nicaragua,12.1475,-86.2734,17805842221
Afghanistan,34.5228,69.1761,17152234637
Niger,13.514,2.1073,16949765464
Guyana,6.80461,-58.1548,16918503597
Moldova,47.0167,28.8497,16711906746
Madagascar,-20.4667,45.7167,16036707976
North Macedonia,42.0024,21.4361,15855131189
Lao PDR,18.5826,102.177,15843155731
"Congo, Rep.",-4.2767,15.2662,15321055823
"Bahamas, The",25.0661,-77.339,15271300000
Kyrgyz Republic,42.8851,74.6057,15180842369
Brunei Darussalam,4.94199,114.946,15095084656
Rwanda,-1.95325,30.0587,14806501437
Mauritius,-20.1605,57.4977,14072212290
Malawi,-13.9899,33.7703,13363669673
Equatorial Guinea,3.7523,8.7741,12541814273
Namibia,-22.5648,17.0931,12522012874
Channel Islands,49.4556,-2.5361,12507320838
Tajikistan,38.5878,68.7864,12244169293
"Somalia, Fed. Rep.",2.07515,45.3254,10958000000
Mauritania,18.2367,-15.9824,10687541640
Kosovo,42.565,20.926,10466753840
Monaco,43.7325,7.41891,10003897341
New Caledonia,-22.2677,166.464,9769167530
Togo,6.1228,1.2255,9723300577
Bermuda,32.3293,-64.706,8602360000
Liechtenstein,47.1411,9.52148,8239379403
Montenegro,42.4602,19.2595,7643318276
Isle of Man,54.1509,-4.47928,7576129933
Cayman Islands,19.3022,-81.3857,7308564549
Barbados,13.0935,-59.6105,7223248150
Maldives,4.1742,73.5109,6621008704
Sierra Leone,8.4821,-13.2134,6415852766
French Polynesia,-17.535,-149.57,6137447783
Fiji,-18.1149,178.399,5476673518
Eswatini,-26.5225,31.4659,4621191262
Liberia,6.30039,-10.7957,4390000000
Faroe Islands,61.8926,-6.91181,3943131022
Djibouti,11.5806,43.1425,3898447007
Andorra,42.5075,1.5218,3785067332
Aruba,12.5167,-70.0167,3746573413
Suriname,5.8232,-55.1679,3472693412
Burundi,-3.3784,29.3639,3419558408
Greenland,64.1836,-51.7214,3326543974
Curacao,12.108,-68.9335,3281419330
Belize,17.2534,-88.7713,3052362650
Bhutan,27.5768,89.6177,3012896790
Central African Republic,5.63056,21.6407,2555492086
Cabo Verde,14.9218,-23.5087,2504525538
St. Lucia,14.0,-60.9832,2441259259
"Gambia, The",13.4495,-16.5885,2382262185
Seychelles,-4.6309,55.4466,2171547935
Lesotho,-29.5208,27.7167,2129871530
Timor-Leste,-8.56667,125.567,2079767200
Guinea-Bissau,11.8037,-15.1804,2076748678
Antigua and Barbuda,17.1175,-61.8456,2054096296
San Marino,43.9322,12.4486,2027243194
Sint Maarten (Dutch part),18.0237,-63.0458,1686525978
Turks and Caicos Islands,21.4602778,-71.141389,1638653000
Solomon Islands,-9.42676,159.949,1506124566
Comoros,-11.6986,43.2418,1465977684
Grenada,12.0653,-61.7449,1336418519
Vanuatu,-17.7404,168.321,1188137265
St. Vincent and the Grenadines,13.2035,-61.2653,1072237037
St. Kitts and Nevis,17.3,-62.7309,1055651852
Samoa,-13.8314,-171.752,1044909500
Sao Tome and Principe,0.20618,6.6071,690456807
Dominica,15.2976,-61.39,659311111
Tonga,-21.136,-175.216,591139734
"Micronesia, Fed. Sts.",6.91771,158.185,442975600
Kiribati,1.32905,172.979,291657338
Palau,7.34194,134.479,276157406
Marshall Islands,7.11046,171.135,264000000
Nauru,-0.5477,166.920867,161531317
Tuvalu,-8.6314877,179.089567,62280312
