Loc,Lat,Lon,Inflation
Lebanon,33.8872,35.5134,221.341644023365
Argentina,-34.6118,-58.4173,133.488935594175
Turkiye,39.7153,32.3606,53.8594087593315
Suriname,5.8232,-55.1679,51.5873159600861
Sierra Leone,8.4821,-13.2134,47.6428733253179
"Iran, Islamic Rep.",35.6878,51.4447,44.5791857572797
Ghana,5.57045,-0.20795,38.1069656296501
Haiti,18.5392,-72.3288,36.8135162780854
"Egypt, Arab Rep.",30.0982,31.2461,33.8847763115546
Lao PDR,18.5826,102.177,31.2301341732646
Pakistan,30.5167,72.8,30.7681280657005
Ethiopia,9.02274,38.7468,30.2188278135278
Malawi,-13.9899,33.7703,28.7897428247298
Burundi,-3.3784,29.3639,26.9414835762453
Nigeria,9.05804,7.48906,24.659550203114
Sao Tome and Principe,0.20618,6.6071,21.2589138473
Rwanda,-1.95325,30.0587,19.789546746467
Hungary,47.4984,19.0408,17.1249659678737
"Gambia, The",13.4495,-16.5885,16.9742129632327
Sri Lanka,6.92148,79.8528,16.5411742279832
Kazakhstan,51.1879,71.4382,14.5275597825952
Angola,-8.81155,13.242,13.6441017767715
Moldova,47.0167,28.8497,13.41701043813
Ukraine,50.4536,30.5038,12.8490222828559
Palau,7.34194,134.479,12.8199748216534
Serbia,44.8024,20.4656,12.3719043552519
Colombia,4.60987,-74.082,11.7359044948689
Poland,52.26,21.02,11.5289127961105
Vanuatu,-17.7404,168.321,11.1825017088175
Zambia,-15.3982,28.2937,10.884531691282
Chad,12.1048,15.0445,10.8363568399843
Kyrgyz Republic,42.8851,74.6057,10.7532770416742
Czechia,50.0878,14.4205,10.6612601372427
Slovak Republic,48.1484,17.1073,10.5319476645211
Romania,44.4479,26.0979,10.3971874764996
Mongolia,47.9129,106.937,10.347583131434
Liberia,6.30039,-10.7957,10.0944535665552
Uzbekistan,41.3052,69.269,9.95659071258018
Bangladesh,23.7055,90.4113,9.8835030377921
Madagascar,-20.4667,45.7167,9.87432675044888
Bulgaria,42.7105,23.3238,9.44284140088564
North Macedonia,42.0024,21.4361,9.36187249769015
Tunisia,36.7899,10.21,9.32899597507865
Algeria,36.7397,3.05097,9.32217375928322
Kiribati,1.32905,172.979,9.28307374517721
Estonia,59.4392,24.7586,9.15922507983982
Lithuania,54.6896,25.2799,9.11731962390475
Latvia,56.9465,24.1048,8.9380462331663
Azerbaijan,40.3834,49.8932,8.78543049849081
Iceland,64.1353,-21.8952,8.73630299937298
Montenegro,42.4602,19.2595,8.58476910455403
Sweden,59.3327,18.0645,8.5486248974891
Timor-Leste,-8.56667,125.567,8.42035103310377
Nicaragua,12.1475,-86.2734,8.38765854872536
Comoros,-11.6986,43.2418,8.37373955490996
Croatia,45.8069,15.9614,7.94128177586822
Samoa,-13.8314,-171.752,7.92164684826777
Austria,48.2201,16.3798,7.81413417002831
Guinea,9.51667,-13.7,7.80497591927973
Kenya,-1.27975,36.8126,7.67139634029402
Chile,-33.475,-70.6475,7.58168251407962
Slovenia,46.0546,14.5044,7.44687717385846
Cameroon,3.8721,11.5174,7.38281384280984
Mozambique,-25.9664,32.5713,7.12697482131851
Nepal,27.6939,85.3157,7.11587261530826
Guinea-Bissau,11.8037,-15.1804,7.10220928557059
Mauritius,-20.1605,57.4977,7.05298238454736
United Kingdom,51.5002,-0.126236,6.79396706793963
Honduras,15.1333,-87.4667,6.66325180347463
Jamaica,17.9927,-76.792,6.47413734662063
Peru,-12.0931,-77.0465,6.45561348369586
Tonga,-21.136,-175.216,6.35112980255182
Lesotho,-29.5208,27.7167,6.34221743124953
Ireland,53.3441,-6.26749,6.29942487419125
Finland,60.1608,24.9525,6.25064322154763
Guatemala,14.6248,-90.5328,6.20657592272126
Bosnia and Herzegovina,43.8607,18.4214,6.1059011284828
Morocco,33.9905,-6.8704,6.09114152504141
South Africa,-25.746,28.1871,6.0752438457966
Philippines,14.5515,121.035,5.97802515541409
Germany,52.5235,13.4115,5.94643667725823
Senegal,14.7247,-17.4734,5.93947798773215
San Marino,43.9322,12.4486,5.93190858629403
Solomon Islands,-9.42676,159.949,5.88585897042164
Namibia,-22.5648,17.0931,5.87993463284275
West Bank and Gaza,31.9038,35.2034,5.87110177678988
Uruguay,-34.8941,-56.0675,5.86910359896119
Russian Federation,55.7558,37.6176,5.86571931748967
New Zealand,-41.2865,174.776,5.73316283034957
India,28.6353,77.225,5.64914318907925
Italy,41.8955,12.4823,5.62219442195901
Australia,-35.282,149.129,5.59701792296707
Mexico,19.427,-99.1276,5.52796087314389
Norway,59.9138,10.7387,5.51784987104659
Togo,6.1228,1.2255,5.48928568141131
Uganda,0.314269,32.5729,5.35094804280395
Malta,35.9042,14.5189,5.09396758978883
Dominica,15.2976,-61.39,5.08677483158112
Botswana,-24.6544,25.9201,5.0676154934383
Antigua and Barbuda,17.1175,-61.8456,5.06713865364213
Belarus,53.9678,27.5766,5.0005990309131
Mauritania,18.2367,-15.9824,4.95305034506872
Kosovo,42.565,20.926,4.94432438791283
France,48.8566,2.35097,4.8783572650844
Singapore,1.28941,103.85,4.83372362825798
Dominican Republic,18.479,-69.8908,4.78561281021135
Albania,41.3317,19.8172,4.75834555150038
Paraguay,-25.3005,-57.6362,4.63202285403356
Trinidad and Tobago,10.6596,-61.4789,4.62930242419968
Brazil,-15.7801,-47.9292,4.59356282283204
St. Vincent and the Grenadines,13.2035,-61.2653,4.56457719814894
Belize,17.2534,-88.7713,4.38984017487675
Cote d'Ivoire,5.332,-4.0305,4.36972254867474
Iraq,33.3302,44.394,4.35835351089595
Portugal,38.7072,-9.13552,4.31128191898681
"Congo, Rep.",-4.2767,15.2662,4.30174563591016
Bhutan,27.5768,89.6177,4.22934419929251
Israel,31.7717,35.2035,4.22522603168918
United States,38.8895,-77.032,4.11633838374488
Belgium,50.8371,4.36761,4.04901077613941
El Salvador,13.7034,-89.2073,4.04554694222477
Canada,45.4215,-75.6919,3.87900159788426
Netherlands,52.3738,4.89095,3.83839354342808
St. Lucia,14.0,-60.9832,3.81914546156358
Tanzania,-6.17486,35.7382,3.79923291384916
Luxembourg,49.61,6.1296,3.74140361983136
Cabo Verde,14.9218,-23.5087,3.72437517668748
Niger,13.514,2.1073,3.70097316425834
Indonesia,-6.19752,106.83,3.66938654859761
Kuwait,29.3721,47.9824,3.64216403030709
Gabon,0.38832,9.45162,3.62901534185376
"Korea, Rep.",37.5323,126.957,3.5974562502901
St. Kitts and Nevis,17.3,-62.7309,3.55711230848243
Cyprus,35.1676,33.3736,3.54134188751646
Spain,40.4167,-3.70327,3.53236133492433
Greece,37.9792,23.7166,3.46480128513405
Denmark,55.6763,12.5681,3.30517811237606
Japan,35.67,139.77,3.26813365933163
Viet Nam,21.0069,105.825,3.25289282667662
Barbados,13.0935,-59.6105,3.18718905472632
"Bahamas, The",25.0661,-77.339,3.05291578969743
Qatar,25.2948,51.5082,3.02764899198902
Central African Republic,5.63056,21.6407,2.97913852618937
Fiji,-18.1149,178.399,2.97544080604539
Maldives,4.1742,73.5109,2.90372427754586
Equatorial Guinea,3.7523,8.7741,2.85949506037322
Guyana,6.80461,-58.1548,2.82159393090811
Benin,6.4779,2.6323,2.73870078406075
Grenada,12.0653,-61.7449,2.69612269814564
Bolivia,-13.9908,-66.1936,2.57688800489192
Malaysia,3.12433,101.684,2.48886560125754
Georgia,41.71,44.793,2.48776056578715
South Sudan,4.85,31.6,2.38280434813754
Libya,32.8578,13.1072,2.3731753143518
Saudi Arabia,24.6748,46.6977,2.32708518362706
Papua New Guinea,-9.47357,147.194,2.29869991296791
Ecuador,-0.229498,-78.5243,2.21568764237058
Switzerland,46.948,7.44821,2.13540088016387
Cambodia,11.5556,104.874,2.12746796594194
"Hong Kong SAR, China",22.3964,114.109,2.09660511249089
Jordan,31.9497,35.9263,2.08486986327134
Mali,13.5667,-7.50034,2.05880228274223
Armenia,40.1596,44.509,1.98041877615554
United Arab Emirates,24.4764,54.3705,1.62670837213248
Panama,8.99427,-79.5188,1.48641355277038
Djibouti,11.5806,43.1425,1.44905087029086
Thailand,13.7308,100.521,1.22908986612448
Oman,23.6105,58.5874,0.950782997762827
Burkina Faso,12.3605,-1.53395,0.742910428668918
Costa Rica,9.63701,-84.0089,0.525193508693455
"Macao SAR, China",22.1667,113.55,0.476384495788075
Brunei Darussalam,4.94199,114.946,0.35706431153689
China,40.0495,116.286,0.234836828893051
Bahrain,26.1921,50.5354,0.0746206782192256
Seychelles,-4.6309,55.4466,-1.03530088431952
Afghanistan,34.5228,69.1761,-4.64470870797775
