Loc,Lat,Lon,Internet users
Saudi Arabia,24.6748,46.6977,100.0
United Arab Emirates,24.4764,54.3705,100.0
Bahrain,26.1921,50.5354,100.0
Kuwait,29.3721,47.9824,99.74731125
Luxembourg,49.61,6.1296,99.34785707
Norway,59.9138,10.7387,99.00000258
Brunei Darussalam,4.94199,114.946,98.97039795
Monaco,43.7325,7.41891,98.87049866
Denmark,55.6763,12.5681,98.77559197
Qatar,25.2948,51.5082,98.15229797
Liechtenstein,47.1411,9.52148,98.13230133
Iceland,64.1353,-21.8952,97.94860077
Malaysia,3.12433,101.684,97.69272633
"Korea, Rep.",37.5323,126.957,97.41597478
Switzerland,46.948,7.44821,97.34436623
San Marino,43.9322,12.4486,97.33640289
Netherlands,52.3738,4.89095,97.00680272
Ireland,53.3441,-6.26749,96.8660965
Australia,-35.282,149.129,96.1160965
"Hong Kong SAR, China",22.3964,114.109,95.97781908
Sweden,59.3327,18.0645,95.70327461
United Kingdom,51.5002,-0.126236,95.44719696
Spain,40.4167,-3.70327,95.44564516
Austria,48.2201,16.3798,95.33467117
Oman,23.6105,58.5874,95.25170135
Belgium,50.8371,4.36761,94.62625074
Chile,-33.475,-70.6475,94.45742345
Singapore,1.28941,103.85,94.28518987
Andorra,42.5075,1.5218,94.21499634
Canada,45.4215,-75.6919,94.14530182
United States,38.8895,-77.032,93.52559662
Finland,60.1608,24.9525,93.51385075
New Zealand,-41.2865,174.776,93.32610321
Estonia,59.4392,24.7586,93.18342241
Kazakhstan,51.1879,71.4382,92.87846096
Jordan,31.9497,35.9263,92.53443944
Germany,52.5235,13.4115,92.4763763
"Bahamas, The",25.0661,-77.339,92.38729858
Russian Federation,55.7558,37.6176,92.24496346
Latvia,56.9465,24.1048,92.18791291
Malta,35.9042,14.5189,92.07266941
Belarus,53.9678,27.5766,91.51249979
Hungary,47.4984,19.0408,91.4500713
Cyprus,35.1676,33.3736,91.22110357
Kyrgyz Republic,42.8851,74.6057,91.04440308
Morocco,33.9905,-6.8704,91.0
Uruguay,-34.8941,-56.0675,90.92590332
China,40.0495,116.286,90.6
Slovenia,46.0546,14.5044,90.37794678
Bhutan,27.5768,89.6177,90.02140045
"Macao SAR, China",22.1667,113.55,89.82640076
Thailand,13.7308,100.521,89.53525238
Jamaica,17.9927,-76.792,89.47304282
Argentina,-34.6118,-58.4173,89.22897166
Romania,44.4479,26.0979,89.20335498
Uzbekistan,41.3052,69.269,89.01361047
Azerbaijan,40.3834,49.8932,89.0
Montenegro,42.4602,19.2595,88.5515976
Lithuania,54.6896,25.2799,88.50287484
North Macedonia,42.0024,21.4361,88.5
Kiribati,1.32905,172.979,88.0
Suriname,5.8232,-55.1679,87.4
Slovak Republic,48.1484,17.1073,87.2131343
Israel,31.7717,35.2035,87.03842615
Italy,41.8955,12.4823,87.0278292
France,48.8566,2.35097,86.83635789
West Bank and Gaza,31.9038,35.2034,86.63765334
Poland,52.26,21.02,86.414744
Dominican Republic,18.479,-69.8908,86.12689972
Seychelles,-4.6309,55.4466,86.001297
Czechia,50.0878,14.4205,85.99404818
Turkiye,39.7153,32.3606,85.96074155
Portugal,38.7072,-9.13552,85.79012676
Costa Rica,9.63701,-84.0089,85.39514799
Serbia,44.8024,20.4656,85.35746686
Greece,37.9792,23.7166,85.0102229
Japan,35.67,139.77,85.00990295
Maldives,4.1742,73.5109,84.55290222
Brazil,-15.7801,-47.9292,84.15060238
Mongolia,47.9129,106.937,83.74320221
"Iran, Islamic Rep.",35.6878,51.4447,83.71050262
Bosnia and Herzegovina,43.8607,18.4214,83.3771539
Croatia,45.8069,15.9614,83.24117599
Albania,41.3317,19.8172,83.13559161
Nauru,-0.5477,166.920867,83.03970337
Palau,7.34194,134.479,82.91629791
Libya,32.8578,13.1072,82.10469818
Trinidad and Tobago,10.6596,-61.4789,81.9681015
Georgia,41.71,44.793,81.88425624
Iraq,33.3302,44.394,81.80889893
Lebanon,33.8872,35.5134,81.7059021
Ukraine,50.4536,30.5038,81.58059692
Dominica,15.2976,-61.39,81.33650208
Mexico,19.427,-99.1276,81.18318755
Bulgaria,42.7105,23.3238,80.38956462
Armenia,40.1596,44.509,79.99663036
Mauritius,-20.1605,57.4977,79.5
Peru,-12.0931,-77.0465,79.48484477
Guyana,6.80461,-58.1548,79.3553009
South Africa,-25.746,28.1871,78.33670044
Paraguay,-25.3005,-57.6362,78.09481878
Viet Nam,21.0069,105.825,78.08
Philippines,14.5515,121.035,77.86699677
Colombia,4.60987,-74.082,77.33686322
Bolivia,-13.9908,-66.1936,77.30039978
St. Kitts and Nevis,17.3,-62.7309,76.58950043
Moldova,47.0167,28.8497,76.50330353
"Venezuela, RB",9.08165,-69.8371,76.33190155
Algeria,36.7397,3.05097,76.19760132
St. Vincent and the Grenadines,13.2035,-61.2653,75.53679657
Cabo Verde,14.9218,-23.5087,74.59919739
Fiji,-18.1149,178.399,74.1160965
"Egypt, Arab Rep.",30.0982,31.2461,74.01190186
Ecuador,-0.229498,-78.5243,72.6943146
Antigua and Barbuda,17.1175,-61.8456,72.12409973
Ghana,5.57045,-0.20795,70.67430115
Belize,17.2534,-88.7713,70.18720245
Barbados,13.0935,-59.6105,69.67510223
Cuba,23.1333,-82.3667,69.55580139
Grenada,12.0653,-61.7449,69.4131012
Indonesia,-6.19752,106.83,69.20836554
Cambodia,11.5556,104.874,68.92549896
Panama,8.99427,-79.5188,68.54851592
Gabon,0.38832,9.45162,68.19789886
St. Lucia,14.0,-60.9832,67.44390106
Djibouti,11.5806,43.1425,64.75869751
Lao PDR,18.5826,102.177,64.39800262
Tonga,-21.136,-175.216,64.13140106
Marshall Islands,7.11046,171.135,64.07589722
Namibia,-22.5648,17.0931,63.69549942
Equatorial Guinea,3.7523,8.7741,63.51950073
El Salvador,13.7034,-89.2073,62.61989975
Eswatini,-26.5225,31.4659,61.33330154
Nicaragua,12.1475,-86.2734,60.30120087
India,28.6353,77.225,60.25230026
Senegal,14.7247,-17.4734,59.18740082
Sao Tome and Principe,0.20618,6.6071,58.70130157
Honduras,15.1333,-87.4667,58.0685997
Guatemala,14.6248,-90.5328,56.72669983
Tajikistan,38.5878,68.7864,54.41550064
Sri Lanka,6.92148,79.8528,51.2
Lesotho,-29.5208,27.7167,48.98590088
"Gambia, The",13.4495,-16.5885,48.72829819
Haiti,18.5392,-72.3288,47.99269867
Nepal,27.6939,85.3157,45.80680084
Mauritania,18.2367,-15.9824,44.95629883
Bangladesh,23.7055,90.4113,44.50274195
"Congo, Rep.",-4.2767,15.2662,43.15039825
Cameroon,3.8721,11.5174,42.24380112
Cote d'Ivoire,5.332,-4.0305,40.65284979
Nigeria,9.05804,7.48906,40.06399918
"Micronesia, Fed. Sts.",6.91771,158.185,39.39889908
Zimbabwe,-17.8312,31.0672,38.67480087
Angola,-8.81155,13.242,37.88589859
Togo,6.1228,1.2255,37.57020187
Mali,13.5667,-7.50034,36.03879929
Benin,6.4779,2.6323,32.39400101
Guinea,9.51667,-13.7,32.31560135
Kenya,-1.27975,36.8126,32.07040024
Comoros,-11.6986,43.2418,31.92749977
Liberia,6.30039,-10.7957,31.22410011
Rwanda,-1.95325,30.0587,28.80579948
Guinea-Bissau,11.8037,-15.1804,28.71240044
Solomon Islands,-9.42676,159.949,28.67239952
Tanzania,-6.17486,35.7382,28.43190002
"Somalia, Fed. Rep.",2.07515,45.3254,26.12010002
Burkina Faso,12.3605,-1.53395,25.36120033
Sierra Leone,8.4821,-13.2134,23.71360016
Ethiopia,9.02274,38.7468,20.33749962
Mozambique,-25.9664,32.5713,19.94560051
"Congo, Dem. Rep.",-4.325,15.3222,18.96789932
Papua New Guinea,-9.47357,147.194,18.56130028
Madagascar,-20.4667,45.7167,18.24080086
Malawi,-13.9899,33.7703,17.98810346
Zambia,-15.3982,28.2937,16.45070076
Afghanistan,34.5228,69.1761,15.92840004
Central African Republic,5.63056,21.6407,13.8416996
Niger,13.514,2.1073,12.98079967
Chad,12.1048,15.0445,12.03590012
Uganda,0.314269,32.5729,9.286999702
Burundi,-3.3784,29.3639,7.172299862
