Loc,Lat,Lon,Life expectancy
Monaco,43.7325,7.41891,86.372
San Marino,43.9322,12.4486,85.706
"Hong Kong SAR, China",22.3964,114.109,85.2473170731707
Liechtenstein,47.1411,9.52148,84.5951219512195
Switzerland,46.948,7.44821,84.1560975609756
French Polynesia,-17.535,-149.57,84.07
Japan,35.67,139.77,84.0412195121951
Andorra,42.5075,1.5218,84.041
Spain,40.4167,-3.70327,83.9341463414634
Gibraltar,36.1408,-5.3536,83.553
"Korea, Rep.",37.5323,126.957,83.4292682926829
Malta,35.9042,14.5189,83.3560975609756
Italy,41.8955,12.4823,83.3512195121951
Luxembourg,49.61,6.1296,83.309756097561
Sweden,59.3327,18.0645,83.309756097561
Israel,31.7717,35.2035,83.1951219512195
Kuwait,29.3721,47.9824,83.1878048780488
"Macao SAR, China",22.1667,113.55,83.1804878048781
Singapore,1.28941,103.85,83.0975609756098
Australia,-35.282,149.129,83.0512195121951
Norway,59.9138,10.7387,83.0121951219512
Faroe Islands,61.8926,-6.91181,82.9521195121951
United Arab Emirates,24.4764,54.3705,82.909
France,48.8566,2.35097,82.8317073170732
Ireland,53.3441,-6.26749,82.8073170731707
Iceland,64.1353,-21.8952,82.4560975609756
Belgium,50.8371,4.36761,82.4
Qatar,25.2948,51.5082,82.368
Portugal,38.7072,-9.13552,82.3292682926829
Bermuda,32.3293,-64.706,82.309
Slovenia,46.0546,14.5044,81.9292682926829
Netherlands,52.3738,4.89095,81.8634146341464
Austria,48.2201,16.3798,81.7926829268293
New Zealand,-41.2865,174.776,81.7585365853659
Denmark,55.6763,12.5681,81.7536585365854
Greece,37.9792,23.7166,81.7365853658537
Puerto Rico (US),18.23,-66.0,81.69
Cyprus,35.1676,33.3736,81.648
Canada,45.4215,-75.6919,81.6263414634146
Finland,60.1608,24.9525,81.5853658536585
Bahrain,26.1921,50.5354,81.284
United Kingdom,51.5002,-0.126236,81.2380975609756
Chile,-33.475,-70.6475,81.167
Channel Islands,49.4556,-2.5361,81.1
Germany,52.5235,13.4115,81.0414634146342
Maldives,4.1742,73.5109,81.041
Isle of Man,54.1509,-4.47928,80.999
Costa Rica,9.63701,-84.0089,80.799
Virgin Islands (U.S.),18.3358,-64.8963,80.519512195122
Cayman Islands,19.3022,-81.3857,80.358
St. Martin (French part),18.0708,-63.0847,80.224
Oman,23.6105,58.5874,80.031
Czechia,50.0878,14.4205,79.8268292682927
Albania,41.3317,19.8172,79.602
Panama,8.99427,-79.5188,79.594
Northern Mariana Islands,15.1935,145.765,78.808
Estonia,59.4392,24.7586,78.7926829268293
New Caledonia,-22.2677,166.464,78.766
Saudi Arabia,24.6748,46.6977,78.732
Croatia,45.8069,15.9614,78.4731707317073
United States,38.8895,-77.032,78.3853658536585
Poland,52.26,21.02,78.2585365853659
Uruguay,-34.8941,-56.0675,78.138
Slovak Republic,48.1484,17.1073,78.119512195122
Cuba,23.1333,-82.3667,78.085
Kosovo,42.565,20.926,78.033
Turks and Caicos Islands,21.4602778,-71.141389,78.008
China,40.0495,116.286,77.953
Bosnia and Herzegovina,43.8607,18.4214,77.85
Lebanon,33.8872,35.5134,77.817
Jordan,31.9497,35.9263,77.814
Peru,-12.0931,-77.0465,77.74
Colombia,4.60987,-74.082,77.725
"Iran, Islamic Rep.",35.6878,51.4447,77.654
Antigua and Barbuda,17.1175,-61.8456,77.598
Montenegro,42.4602,19.2595,77.5878048780488
Sri Lanka,6.92148,79.8528,77.483
Armenia,40.1596,44.509,77.4658536585366
Argentina,-34.6118,-58.4173,77.395
Ecuador,-0.229498,-78.5243,77.392
Lithuania,54.6896,25.2799,77.290243902439
British Virgin Islands,18.431389,-64.623056,77.276
Guam,13.4443,144.794,77.209
Turkiye,39.7153,32.3606,77.156
Curacao,12.108,-68.9335,76.8
Malaysia,3.12433,101.684,76.657
Hungary,47.4984,19.0408,76.5707317073171
Tunisia,36.7899,10.21,76.508
Thailand,13.7308,100.521,76.412
Romania,44.4479,26.0979,76.4048780487805
Sint Maarten (Dutch part),18.0237,-63.0458,76.371
Aruba,12.5167,-70.0167,76.353
Algeria,36.7397,3.05097,76.261
Barbados,13.0935,-59.6105,76.178
Serbia,44.8024,20.4656,76.1414634146341
Cabo Verde,14.9218,-23.5087,76.059
Brazil,-15.7801,-47.9292,75.848
Bulgaria,42.7105,23.3238,75.7560975609756
Latvia,56.9465,24.1048,75.4268292682927
Seychelles,-4.6309,55.4466,75.419512195122
Brunei Darussalam,4.94199,114.946,75.327
North Macedonia,42.0024,21.4361,75.3160975609756
Morocco,33.9905,-6.8704,75.313
Grenada,12.0653,-61.7449,75.205
Mexico,19.427,-99.1276,75.069
Nicaragua,12.1475,-86.2734,74.947
Bangladesh,23.7055,90.4113,74.672
Viet Nam,21.0069,105.825,74.588
"Bahamas, The",25.0661,-77.339,74.552
Georgia,41.71,44.793,74.496
Azerbaijan,40.3834,49.8932,74.429
Kazakhstan,51.1879,71.4382,74.402
Belarus,53.9678,27.5766,74.1837804878049
Paraguay,-25.3005,-57.6362,73.844
Dominican Republic,18.479,-69.8908,73.72
"Korea, Dem. People's Rep.",39.0319,125.754,73.642
Suriname,5.8232,-55.1679,73.631
Belize,17.2534,-88.7713,73.566
Trinidad and Tobago,10.6596,-61.4789,73.49
Ukraine,50.4536,30.5038,73.422
Mauritius,-20.1605,57.4977,73.4121951219512
Russian Federation,55.7558,37.6176,73.2546341463415
Bhutan,27.5768,89.6177,72.975
Tonga,-21.136,-175.216,72.895
Honduras,15.1333,-87.4667,72.884
American Samoa,-14.2846,-170.691,72.852
St. Lucia,14.0,-60.9832,72.697
Guatemala,14.6248,-90.5328,72.602
"Venezuela, RB",9.08165,-69.8371,72.514
Uzbekistan,41.3052,69.269,72.388
Iraq,33.3302,44.394,72.324
Kyrgyz Republic,42.8851,74.6057,72.2487804878049
St. Kitts and Nevis,17.3,-62.7309,72.145
Mongolia,47.9129,106.937,72.1224390243902
Syrian Arab Republic,33.5146,36.3119,72.12
El Salvador,13.7034,-89.2073,72.099
India,28.6353,77.225,72.003
Tajikistan,38.5878,68.7864,71.79
Samoa,-13.8314,-171.752,71.698
"Egypt, Arab Rep.",30.0982,31.2461,71.633
Jamaica,17.9927,-76.792,71.479
Vanuatu,-17.7404,168.321,71.477
St. Vincent and the Grenadines,13.2035,-61.2653,71.23
Moldova,47.0167,28.8497,71.198
Indonesia,-6.19752,106.83,71.146
Dominica,15.2976,-61.39,71.132
Greenland,64.1836,-51.7214,70.9724390243902
Cambodia,11.5556,104.874,70.668
Solomon Islands,-9.42676,159.949,70.528
Nepal,27.6939,85.3157,70.354
Guyana,6.80461,-58.1548,70.18
Turkmenistan,37.9509,58.3794,70.073
Philippines,14.5515,121.035,69.833
Sao Tome and Principe,0.20618,6.6071,69.718
Libya,32.8578,13.1072,69.339
"Yemen, Rep.",15.352,44.2075,69.295
Palau,7.34194,134.479,69.269
Botswana,-24.6544,25.9201,69.163
Lao PDR,18.5826,102.177,68.964
Senegal,14.7247,-17.4734,68.683
Eritrea,15.3315,38.9183,68.624
Bolivia,-13.9908,-66.1936,68.581
Mauritania,18.2367,-15.9824,68.484
Gabon,0.38832,9.45162,68.337
Uganda,0.314269,32.5729,68.252
Rwanda,-1.95325,30.0587,67.785
Timor-Leste,-8.56667,125.567,67.689
Pakistan,30.5167,72.8,67.649
Namibia,-22.5648,17.0931,67.385
Malawi,-13.9899,33.7703,67.353
Fiji,-18.1149,178.399,67.316
Ethiopia,9.02274,38.7468,67.315
"Micronesia, Fed. Sts.",6.91771,158.185,67.198
Tuvalu,-8.6314877,179.089567,67.105
Tanzania,-6.17486,35.7382,66.995
Marshall Islands,7.11046,171.135,66.945
Myanmar,21.914,95.9562,66.889
Comoros,-11.6986,43.2418,66.777
Kiribati,1.32905,172.979,66.473
Zambia,-15.3982,28.2937,66.349
Sudan,15.5932,32.5363,66.331
South Africa,-25.746,28.1871,66.139
Papua New Guinea,-9.47357,147.194,66.134
Afghanistan,34.5228,69.1761,66.035
Djibouti,11.5806,43.1425,65.987
"Gambia, The",13.4495,-16.5885,65.86
"Congo, Rep.",-4.2767,15.2662,65.772
Ghana,5.57045,-0.20795,65.498
West Bank and Gaza,31.9038,35.2034,65.17
Haiti,18.5392,-72.3288,64.936
Angola,-8.81155,13.242,64.617
Eswatini,-26.5225,31.4659,64.123
Guinea-Bissau,11.8037,-15.1804,64.085
Equatorial Guinea,3.7523,8.7741,63.707
Cameroon,3.8721,11.5174,63.7
Burundi,-3.3784,29.3639,63.651
Kenya,-1.27975,36.8126,63.646
Madagascar,-20.4667,45.7167,63.632
Mozambique,-25.9664,32.5713,63.611
Zimbabwe,-17.8312,31.0672,62.775
Togo,6.1228,1.2255,62.74
Liberia,6.30039,-10.7957,62.163
Nauru,-0.5477,166.920867,62.109
Cote d'Ivoire,5.332,-4.0305,61.944
"Congo, Dem. Rep.",-4.325,15.3222,61.895
Sierra Leone,8.4821,-13.2134,61.786
Niger,13.514,2.1073,61.183
Burkina Faso,12.3605,-1.53395,61.092
Benin,6.4779,2.6323,60.774
Guinea,9.51667,-13.7,60.74
Mali,13.5667,-7.50034,60.439
"Somalia, Fed. Rep.",2.07515,45.3254,58.816
South Sudan,4.85,31.6,57.617
Central African Republic,5.63056,21.6407,57.408
Lesotho,-29.5208,27.7167,57.375
Chad,12.1048,15.0445,55.069
Nigeria,9.05804,7.48906,54.462
