Loc,Lat,Lon,Population density
"Macao SAR, China",22.1667,113.55,20569.696969696968
Monaco,43.7325,7.41891,18692.898272552782
Singapore,1.28941,103.85,8241.849582172701
"Hong Kong SAR, China",22.3964,114.109,7177.238095238095
Gibraltar,36.1408,-5.3536,3847.1
Bahrain,26.1921,50.5354,1971.32375
Maldives,4.1742,73.5109,1765.0805369127518
Malta,35.9042,14.5189,1727.334375
Bangladesh,23.7055,90.4113,1319.1797968918295
Sint Maarten (Dutch part),18.0237,-63.0458,1257.3235294117646
Bermuda,32.3293,-64.706,1198.111111111111
West Bank and Gaza,31.9038,35.2034,857.3900414937759
Barbados,13.0935,-59.6105,656.5953488372093
Mauritius,-20.1605,57.4977,625.2613920881322
Aruba,12.5167,-70.0167,596.4388888888889
Nauru,-0.5477,166.920867,593.75
Rwanda,-1.95325,30.0587,565.645358735306
Lebanon,33.8872,35.5134,564.3688172043011
San Marino,43.9322,12.4486,564.3333333333334
St. Martin (French part),18.0708,-63.0847,550.3
Burundi,-3.3784,29.3639,533.0782710280374
Netherlands,52.3738,4.89095,530.9509058509059
"Korea, Rep.",37.5323,126.957,529.8424077868852
India,28.6353,77.225,483.6790100868091
Comoros,-11.6986,43.2418,456.95163890381514
Israel,31.7717,35.2035,455.1293900184843
Haiti,18.5392,-72.3288,422.25682148040636
Belgium,50.8371,4.36761,386.30373188168164
Philippines,14.5515,121.035,385.32112217862294
Puerto Rico (US),18.23,-66.0,361.19436302142054
Sri Lanka,6.92148,79.8528,356.2398965405755
Curacao,12.108,-68.9335,348.3198198198198
Grenada,12.0653,-61.7449,344.3558823529412
Japan,35.67,139.77,341.54455749931964
Tuvalu,-8.6314877,179.089567,327.2
Pakistan,30.5167,72.8,321.067474833956
Viet Nam,21.0069,105.825,320.17519757265603
Guam,13.4443,144.794,308.34444444444443
El Salvador,13.7034,-89.2073,304.51853281853283
Cayman Islands,19.3022,-81.3857,304.325
Virgin Islands (U.S.),18.3358,-64.8963,299.7628571428571
St. Lucia,14.0,-60.9832,293.90983606557376
United Kingdom,51.5002,-0.126236,283.2472202703261
Kuwait,29.3721,47.9824,272.358024691358
"Gambia, The",13.4495,-16.5885,266.5854743083004
Trinidad and Tobago,10.6596,-61.4789,266.5711500974659
Jamaica,17.9927,-76.792,262.2147737765466
Seychelles,-4.6309,55.4466,260.37608695652176
British Virgin Islands,18.431389,-64.623056,259.9
St. Vincent and the Grenadines,13.2035,-61.2653,259.8025641025641
Luxembourg,49.61,6.1296,258.86205262462806
Nigeria,9.05804,7.48906,250.20910328623035
Liechtenstein,47.1411,9.52148,249.0375
Uganda,0.314269,32.5729,242.65210951526032
Sao Tome and Principe,0.20618,6.6071,240.490625
Germany,52.5235,13.4115,238.35181009071917
American Samoa,-14.2846,-170.691,237.605
Dominican Republic,18.479,-69.8908,235.09814303575126
Qatar,25.2948,51.5082,231.16031331592689
Switzerland,46.948,7.44821,224.978619136651
Malawi,-13.9899,33.7703,223.8489817564701
"Korea, Dem. People's Rep.",39.0319,125.754,219.402076239515
Marshall Islands,7.11046,171.135,215.70555555555555
Antigua and Barbuda,17.1175,-61.8456,212.0818181818182
Nepal,27.6939,85.3157,207.14763864666898
Italy,41.8955,12.4823,199.45967807385364
St. Kitts and Nevis,17.3,-62.7309,179.83846153846153
Andorra,42.5075,1.5218,172.03404255319148
Guatemala,14.6248,-90.5328,169.13809257185517
Kiribati,1.32905,172.979,163.6172839506173
"Micronesia, Fed. Sts.",6.91771,158.185,160.9
Togo,6.1228,1.2255,151.20150763007905
China,40.0495,116.286,150.2640013378482
Denmark,55.6763,12.5681,148.6738
Indonesia,-6.19752,106.83,148.57692229226973
Ghana,5.57045,-0.20795,148.49676310689
Isle of Man,54.1509,-4.47928,147.6578947368421
United Arab Emirates,24.4764,54.3705,147.61688256829063
Cyprus,35.1676,33.3736,145.56017316017315
Tonga,-21.136,-175.216,145.2736111111111
Czechia,50.0878,14.4205,140.7855476626048
Thailand,13.7308,100.521,140.3480886296463
Cabo Verde,14.9218,-23.5087,129.6106699751861
Jordan,31.9497,35.9263,128.82867085613893
Syrian Arab Republic,33.5146,36.3119,128.49002341665306
France,48.8566,2.35097,126.86202059560256
Benin,6.4779,2.6323,125.14219581411848
Azerbaijan,40.3834,49.8932,122.85490623109497
Poland,52.26,21.02,119.78761550266105
Sierra Leone,8.4821,-13.2134,117.21407592130784
Portugal,38.7072,-9.13552,115.47518928973774
"Egypt, Arab Rep.",30.0982,31.2461,115.05929177758803
Ethiopia,9.02274,38.7468,114.03795201200036
Slovak Republic,48.1484,17.1073,112.8689683860233
Turkiye,39.7153,32.3606,110.86621493444902
Austria,48.2201,16.3798,110.66118516723219
Malaysia,3.12433,101.684,106.91309694110485
Cuba,23.1333,-82.3667,106.16503853564548
Slovenia,46.0546,14.5044,105.31480791675979
Armenia,40.1596,44.509,105.11910874825884
Hungary,47.4984,19.0408,105.1083278544817
Iraq,33.3302,44.394,103.82615575979545
Costa Rica,9.63701,-84.0089,99.99069721895809
Cambodia,11.5556,104.874,98.70768184908226
Northern Mariana Islands,15.1935,145.765,98.13695652173914
Cote d'Ivoire,5.332,-4.0305,98.00520125786163
Spain,40.4167,-3.70327,96.7636173412149
Kenya,-1.27975,36.8126,95.26813712317062
Honduras,15.1333,-87.4667,95.13675037983734
Senegal,14.7247,-17.4734,93.89483716823352
Timor-Leste,-8.56667,125.567,93.09253530598521
Dominica,15.2976,-61.39,88.68
Albania,41.3317,19.8172,88.01671532846716
Brunei Darussalam,4.94199,114.946,87.08709677419355
Morocco,33.9905,-6.8704,84.50034730002241
Burkina Faso,12.3605,-1.53395,84.15853801169591
Myanmar,21.914,95.9562,82.94206566871466
Romania,44.4479,26.0979,82.84536682892907
French Polynesia,-17.535,-149.57,80.99049265341401
Uzbekistan,41.3052,69.269,80.90844661295813
Greece,37.9792,23.7166,80.73972847168348
Serbia,44.8024,20.4656,78.76302770840766
Tunisia,36.7899,10.21,78.53006565396498
Samoa,-13.8314,-171.752,77.9363309352518
Ireland,53.3441,-6.26749,77.10172739149368
Guinea-Bissau,11.8037,-15.1804,76.57677809388336
Lesotho,-29.5208,27.7167,76.13544137022397
Tanzania,-6.17486,35.7382,75.20614811469858
Tajikistan,38.5878,68.7864,74.85985301534693
Moldova,47.0167,28.8497,74.63659277254783
"Yemen, Rep.",15.352,44.2075,74.60802507718242
North Macedonia,42.0024,21.4361,72.47486122125298
Ecuador,-0.229498,-78.5243,72.39524480592688
Eswatini,-26.5225,31.4659,71.54104651162791
Croatia,45.8069,15.9614,68.97223016440314
Mexico,19.427,-99.1276,66.74027572725636
Equatorial Guinea,3.7523,8.7741,65.86627450980392
Ukraine,50.4536,30.5038,65.12398343113566
Afghanistan,34.5228,69.1761,63.558500835594806
Bosnia and Herzegovina,43.8607,18.4214,62.20845703125
Panama,8.99427,-79.5188,60.107293070908604
Cameroon,3.8721,11.5174,60.021338664297346
Bulgaria,42.7105,23.3238,59.38279292557111
Guinea,9.51667,-13.7,58.62554126648217
Liberia,6.30039,-10.7957,57.02897632890365
Nicaragua,12.1475,-86.2734,56.702783779292005
"Iran, Islamic Rep.",35.6878,51.4447,55.845119876733435
Madagascar,-20.4667,45.7167,53.619683740116876
Georgia,41.71,44.793,53.46788027054252
South Africa,-25.746,28.1871,52.10856902620581
Fiji,-18.1149,178.399,50.58264915161467
Djibouti,11.5806,43.1425,49.738740293356344
Turks and Caicos Islands,21.4602778,-71.141389,48.629473684210524
Colombia,4.60987,-74.082,47.15741505182515
"Congo, Dem. Rep.",-4.325,15.3222,46.664048432985595
Montenegro,42.4602,19.2595,46.35903345724907
Lithuania,54.6896,25.2799,45.87196485623003
Belarus,53.9678,27.5766,45.21707729218703
Mozambique,-25.9664,32.5713,42.77214578193749
Zimbabwe,-17.8312,31.0672,42.24071862478997
"Bahamas, The",25.0661,-77.339,39.904095904095904
Faroe Islands,61.8926,-6.91181,39.706569343065695
Palau,7.34194,134.479,38.53695652173913
Kyrgyz Republic,42.8851,74.6057,37.01642335766423
United States,38.8895,-77.032,36.81421122021291
Lao PDR,18.5826,102.177,33.21054159445407
"Venezuela, RB",9.08165,-69.8371,32.08531715889122
Estonia,59.4392,24.7586,32.06847648022467
Latvia,56.9465,24.1048,30.27012694841716
Angola,-8.81155,13.242,29.477746049570868
"Somalia, Fed. Rep.",2.07515,45.3254,29.26421876494405
Eritrea,15.3315,38.9183,28.63873204916396
Solomon Islands,-9.42676,159.949,28.581814933904965
Zambia,-15.3982,28.2937,27.877648340709452
Sudan,15.5932,32.5363,26.789502676659527
Chile,-33.475,-70.6475,26.46472490051716
Peru,-12.0931,-77.0465,26.44188828125
Vanuatu,-17.7404,168.321,26.284577522559474
Sweden,59.3327,18.0645,25.871367888624253
Brazil,-15.7801,-47.9292,25.261688485715723
Papua New Guinea,-9.47357,147.194,22.94226692576072
Niger,13.514,2.1073,20.651983105707746
Bhutan,27.5768,89.6177,20.61837965390666
New Zealand,-41.2865,174.776,19.748585317686377
Mali,13.5667,-7.50034,19.479857235348593
Algeria,36.7397,3.05097,19.382560229076223
Uruguay,-34.8941,-56.0675,19.358250485658782
Finland,60.1608,24.9525,18.37054546650875
South Sudan,4.85,31.6,18.17190828098049
"Congo, Rep.",-4.2767,15.2662,18.105080527086383
Belize,17.2534,-88.7713,18.02306006137659
Paraguay,-25.3005,-57.6362,17.28267194307203
Argentina,-34.6118,-58.4173,16.63995593216623
Oman,23.6105,58.5874,16.314277867528272
New Caledonia,-22.2677,166.464,15.85722100656455
Saudi Arabia,24.6748,46.6977,15.677949378747634
Turkmenistan,37.9509,58.3794,15.671351052284383
Chad,12.1048,15.0445,15.34233163913596
Norway,59.9138,10.7387,15.152499519587119
Bolivia,-13.9908,-66.1936,11.302648389181206
Gabon,0.38832,9.45162,9.64329956921644
Russian Federation,55.7558,37.6176,8.782272192427492
Central African Republic,5.63056,21.6407,8.270604192750971
Kazakhstan,51.1879,71.4382,7.5305048709115825
Mauritania,18.2367,-15.9824,4.872844668671776
Canada,45.4215,-75.6919,4.556884180823102
Botswana,-24.6544,25.9201,4.376412048065216
Libya,32.8578,13.1072,4.1520278027211655
Suriname,5.8232,-55.1679,3.918107060468971
Guyana,6.80461,-58.1548,3.913768115942029
Iceland,64.1353,-21.8952,3.824883467222057
Namibia,-22.5648,17.0931,3.5990902355184686
Australia,-35.282,149.129,3.4659194853887536
Mongolia,47.9129,106.937,2.2336512531288855
Greenland,64.1836,-51.7214,0.1385430624923864
