Loc,Lat,Lon,Unemployment
Eswatini,-26.5225,31.4659,34.61
South Africa,-25.746,28.1871,32.098
Djibouti,11.5806,43.1425,26.074
Botswana,-24.6544,25.9201,23.381
Gabon,0.38832,9.45162,20.161
"Congo, Rep.",-4.2767,15.2662,19.919
Namibia,-22.5648,17.0931,19.154
"Somalia, Fed. Rep.",2.07515,45.3254,18.96
Libya,32.8578,13.1072,18.713
St. Vincent and the Grenadines,13.2035,-61.2653,18.348
"Yemen, Rep.",15.352,44.2075,16.944
Jordan,31.9497,35.9263,16.62
Lesotho,-29.5208,27.7167,16.348
Iraq,33.3302,44.394,15.239
Tunisia,36.7899,10.21,15.106
Haiti,18.5392,-72.3288,14.459
Angola,-8.81155,13.242,14.051
Afghanistan,34.5228,69.1761,14.008
Syrian Arab Republic,33.5146,36.3119,13.27
North Macedonia,42.0024,21.4361,13.174
Montenegro,42.4602,19.2595,13.146
Armenia,40.1596,44.509,12.405
South Sudan,4.85,31.6,12.374
Rwanda,-1.95325,30.0587,12.352
Spain,40.4167,-3.70327,12.179
St. Lucia,14.0,-60.9832,12.094
Guyana,6.80461,-58.1548,11.917
Cabo Verde,14.9218,-23.5087,11.882
Algeria,36.7397,3.05097,11.645
French Polynesia,-17.535,-149.57,11.613
Georgia,41.71,44.793,11.549
Virgin Islands (U.S.),18.3358,-64.8963,11.358
Greece,37.9792,23.7166,11.023
Lebanon,33.8872,35.5134,10.985
New Caledonia,-22.2677,166.464,10.922
Albania,41.3317,19.8172,10.669
Bosnia and Herzegovina,43.8607,18.4214,10.668
Nepal,27.6939,85.3157,10.437
Mauritania,18.2367,-15.9824,10.37
Colombia,4.60987,-74.082,9.591
Turkiye,39.7153,32.3606,9.388
Zimbabwe,-17.8312,31.0672,9.348
Sao Tome and Principe,0.20618,6.6071,9.032
Chile,-33.475,-70.6475,9.013
Morocco,33.9905,-6.8704,8.896
"Bahamas, The",25.0661,-77.339,8.645
Uruguay,-34.8941,-56.0675,8.355
Costa Rica,9.63701,-84.0089,8.325
Belize,17.2534,-88.7713,8.278
Serbia,44.8024,20.4656,8.268
Equatorial Guinea,3.7523,8.7741,8.218
"Iran, Islamic Rep.",35.6878,51.4447,8.129
Brazil,-15.7801,-47.9292,7.947
Suriname,5.8232,-55.1679,7.699
Italy,41.8955,12.4823,7.627
Sweden,59.3327,18.0645,7.611
France,48.8566,2.35097,7.335
Finland,60.1608,24.9525,7.149
Tajikistan,38.5878,68.7864,7.037
Lithuania,54.6896,25.2799,6.841
"Egypt, Arab Rep.",30.0982,31.2461,6.753
Mozambique,-25.9664,32.5713,6.661
Panama,8.99427,-79.5188,6.544
Barbados,13.0935,-59.6105,6.54
Portugal,38.7072,-9.13552,6.498
"Gambia, The",13.4495,-16.5885,6.479
Latvia,56.9465,24.1048,6.465
Estonia,59.4392,24.7586,6.378
Central African Republic,5.63056,21.6407,6.181
Argentina,-34.6118,-58.4173,6.139
Croatia,45.8069,15.9614,6.121
Honduras,15.1333,-87.4667,6.07
Channel Islands,49.4556,-2.5361,5.928
Eritrea,15.3315,38.9183,5.909
Zambia,-15.3982,28.2937,5.861
Slovak Republic,48.1484,17.1073,5.843
Cyprus,35.1676,33.3736,5.835
Paraguay,-25.3005,-57.6362,5.794
Puerto Rico (US),18.23,-66.0,5.725
Azerbaijan,40.3834,49.8932,5.64
Romania,44.4479,26.0979,5.589
Mauritius,-20.1605,57.4977,5.571
Dominican Republic,18.479,-69.8908,5.555
Belgium,50.8371,4.36761,5.547
Canada,45.4215,-75.6919,5.415
Kenya,-1.27975,36.8126,5.409
"Venezuela, RB",9.08165,-69.8371,5.407
Fiji,-18.1149,178.399,5.316
Brunei Darussalam,4.94199,114.946,5.296
Austria,48.2201,16.3798,5.264
Guam,13.4443,144.794,5.262
Pakistan,30.5167,72.8,5.237
Luxembourg,49.61,6.1296,5.184
Mongolia,47.9129,106.937,5.178
Guinea,9.51667,-13.7,5.141
Denmark,55.6763,12.5681,5.094
Vanuatu,-17.7404,168.321,5.011
Malawi,-13.9899,33.7703,5.009
Samoa,-13.8314,-171.752,4.92
Peru,-12.0931,-77.0465,4.899
Kazakhstan,51.1879,71.4382,4.835
Nicaragua,12.1475,-86.2734,4.698
China,40.0495,116.286,4.67
Sri Lanka,6.92148,79.8528,4.528
"Congo, Dem. Rep.",-4.325,15.3222,4.469
Uzbekistan,41.3052,69.269,4.434
Bulgaria,42.7105,23.3238,4.319
Ireland,53.3441,-6.26749,4.243
India,28.6353,77.225,4.172
Hungary,47.4984,19.0408,4.096
Switzerland,46.948,7.44821,4.043
United Kingdom,51.5002,-0.126236,4.025
Maldives,4.1742,73.5109,4.019
Saudi Arabia,24.6748,46.6977,4.008
Turkmenistan,37.9509,58.3794,4.007
Malaysia,3.12433,101.684,3.858
Comoros,-11.6986,43.2418,3.833
New Zealand,-41.2865,174.776,3.734
Australia,-35.282,149.129,3.668
Slovenia,46.0546,14.5044,3.652
United States,38.8895,-77.032,3.638
Cameroon,3.8721,11.5174,3.607
Burkina Faso,12.3605,-1.53395,3.601
Norway,59.9138,10.7387,3.574
Netherlands,52.3738,4.89095,3.535
Iceland,64.1353,-21.8952,3.518
Ecuador,-0.229498,-78.5243,3.51
Kyrgyz Republic,42.8851,74.6057,3.498
Malta,35.9042,14.5189,3.479
"Korea, Dem. People's Rep.",39.0319,125.754,3.463
Belarus,53.9678,27.5766,3.461
Singapore,1.28941,103.85,3.444
Ethiopia,9.02274,38.7468,3.375
Israel,31.7717,35.2035,3.371
Trinidad and Tobago,10.6596,-61.4789,3.361
Bangladesh,23.7055,90.4113,3.352
Indonesia,-6.19752,106.83,3.308
Oman,23.6105,58.5874,3.176
Bhutan,27.5768,89.6177,3.126
Sierra Leone,8.4821,-13.2134,3.092
Russian Federation,55.7558,37.6176,3.076
Nigeria,9.05804,7.48906,3.074
Germany,52.5235,13.4115,3.071
Madagascar,-20.4667,45.7167,3.044
Bolivia,-13.9908,-66.1936,3.024
Jamaica,17.9927,-76.792,3.022
El Salvador,13.7034,-89.2073,2.992
Myanmar,21.914,95.9562,2.977
"Hong Kong SAR, China",22.3964,114.109,2.949
Mali,13.5667,-7.50034,2.947
Liberia,6.30039,-10.7957,2.905
Ghana,5.57045,-0.20795,2.829
Senegal,14.7247,-17.4734,2.784
Mexico,19.427,-99.1276,2.765
Uganda,0.314269,32.5729,2.754
Poland,52.26,21.02,2.743
"Korea, Rep.",37.5323,126.957,2.675
Papua New Guinea,-9.47357,147.194,2.649
Guinea-Bissau,11.8037,-15.1804,2.632
Japan,35.67,139.77,2.6
Czechia,50.0878,14.4205,2.579
Guatemala,14.6248,-90.5328,2.344
Cote d'Ivoire,5.332,-4.0305,2.263
"Macao SAR, China",22.1667,113.55,2.206
Philippines,14.5515,121.035,2.2
United Arab Emirates,24.4764,54.3705,2.151
Kuwait,29.3721,47.9824,2.08
Togo,6.1228,1.2255,1.942
Cuba,23.1333,-82.3667,1.73
Tonga,-21.136,-175.216,1.652
Viet Nam,21.0069,105.825,1.645
Benin,6.4779,2.6323,1.641
Moldova,47.0167,28.8497,1.57
Tanzania,-6.17486,35.7382,1.565
Timor-Leste,-8.56667,125.567,1.525
Solomon Islands,-9.42676,159.949,1.443
Lao PDR,18.5826,102.177,1.186
Chad,12.1048,15.0445,1.059
Bahrain,26.1921,50.5354,1.049
Burundi,-3.3784,29.3639,0.911
Thailand,13.7308,100.521,0.733
Niger,13.514,2.1073,0.407
Cambodia,11.5556,104.874,0.256
Qatar,25.2948,51.5082,0.13
