Loc,Lat,Lon,Urban population
China,40.0495,116.286,928439823
India,28.6353,77.225,513325082
United States,38.8895,-77.032,272427294
Brazil,-15.7801,-47.9292,186337958
Indonesia,-6.19752,106.83,166551891
Nigeria,9.05804,7.48906,146531222
Japan,35.67,139.77,114293108
Russian Federation,55.7558,37.6176,107913022
Mexico,19.427,-99.1276,104366731
Pakistan,30.5167,72.8,98430767
Turkiye,39.7153,32.3606,76406060
"Iran, Islamic Rep.",35.6878,51.4447,70525587
Germany,52.5235,13.4115,68501264
Philippines,14.5515,121.035,64237746
United Kingdom,51.5002,-0.126236,57671551
Bangladesh,23.7055,90.4113,56717264
France,48.8566,2.35097,54018685
"Egypt, Arab Rep.",30.0982,31.2461,49878883
"Congo, Dem. Rep.",-4.325,15.3222,48896299
Thailand,13.7308,100.521,44340234
Argentina,-34.6118,-58.4173,42165780
"Korea, Rep.",37.5323,126.957,42005435
Colombia,4.60987,-74.082,41526944
Italy,41.8955,12.4823,41033884
South Africa,-25.746,28.1871,40767329
Spain,40.4167,-3.70327,39233043
Viet Nam,21.0069,105.825,38870231
Algeria,36.7397,3.05097,35241479
Canada,45.4215,-75.6919,34124052
Iraq,33.3302,44.394,32176991
Ethiopia,9.02274,38.7468,31195533
Saudi Arabia,24.6748,46.6977,29812993
Peru,-12.0931,-77.0465,29150620
Malaysia,3.12433,101.684,27349906
Angola,-8.81155,13.242,26768299
Ukraine,50.4536,30.5038,26324804
"Venezuela, RB",9.08165,-69.8371,25362133
Tanzania,-6.17486,35.7382,24797143
Morocco,33.9905,-6.8704,23914905
Australia,-35.282,149.129,23822778
Poland,52.26,21.02,21924772
Ghana,5.57045,-0.20795,20093728
Nepal,27.6939,85.3157,19798704
Uzbekistan,41.3052,69.269,18544064
Kenya,-1.27975,36.8126,17998601
Syrian Arab Republic,33.5146,36.3119,17783172
Sudan,15.5932,32.5363,17590192
Chile,-33.475,-70.6475,17589676
Cote d'Ivoire,5.332,-4.0305,17235961
Netherlands,52.3738,4.89095,17208906
"Korea, Dem. People's Rep.",39.0319,125.754,16921877
Myanmar,21.914,95.9562,16595228
Cameroon,3.8721,11.5174,16135479
Uganda,0.314269,32.5729,15643605
"Yemen, Rep.",15.352,44.2075,14937750
Kazakhstan,51.1879,71.4382,12782330
Mozambique,-25.9664,32.5713,12617472
Ecuador,-0.229498,-78.5243,11468458
Afghanistan,34.5228,69.1761,10960719
Jordan,31.9497,35.9263,10738414
Belgium,50.8371,4.36761,10389643
"Somalia, Fed. Rep.",2.07515,45.3254,10382351
Madagascar,-20.4667,45.7167,10367510
Guatemala,14.6248,-90.5328,10299223
Senegal,14.7247,-17.4734,10219907
Romania,44.4479,26.0979,9938846
Zambia,-15.3982,28.2937,9691992
United Arab Emirates,24.4764,54.3705,9428211
Sweden,59.3327,18.0645,9391818
Israel,31.7717,35.2035,9155633
Bolivia,-13.9908,-66.1936,8842767
Tunisia,36.7899,10.21,8637994
Cuba,23.1333,-82.3667,8472713
Dominican Republic,18.479,-69.8908,8274944
Greece,37.9792,23.7166,8219721
Czechia,50.0878,14.4205,7938293
Mali,13.5667,-7.50034,7737087
Switzerland,46.948,7.44821,7696309
Benin,6.4779,2.6323,7599516
"Hong Kong SAR, China",22.3964,114.109,7524100
Belarus,53.9678,27.5766,7228942
Cambodia,11.5556,104.874,7209455
Hungary,47.4984,19.0408,6740474
Burkina Faso,12.3605,-1.53395,6672606
Zimbabwe,-17.8312,31.0672,6636012
Portugal,38.7072,-9.13552,6558854
Libya,32.8578,13.1072,6486842
Haiti,18.5392,-72.3288,6479293
Austria,48.2201,16.3798,6375560
Honduras,15.1333,-87.4667,6363897
Singapore,1.28941,103.85,6036860
Azerbaijan,40.3834,49.8932,5976185
Guinea,9.51667,-13.7,5617339
Chad,12.1048,15.0445,5466864
Denmark,55.6763,12.5681,5301356
Lebanon,33.8872,35.5134,5266222
Kuwait,29.3721,47.9824,4897263
Niger,13.514,2.1073,4879280
Paraguay,-25.3005,-57.6362,4840863
Bulgaria,42.7105,23.3238,4763427
El Salvador,13.7034,-89.2073,4757922
Norway,59.9138,10.7387,4643345
West Bank and Gaza,31.9038,35.2034,4607888
Sri Lanka,6.92148,79.8528,4448882
New Zealand,-41.2865,174.776,4440271
Rwanda,-1.95325,30.0587,4260571
Oman,23.6105,58.5874,4195867
Finland,60.1608,24.9525,4173555
Serbia,44.8024,20.4656,4108842
Nicaragua,12.1475,-86.2734,4098701
Costa Rica,9.63701,-84.0089,4068571
"Congo, Rep.",-4.2767,15.2662,4045914
Sierra Leone,8.4821,-13.2134,3920253
Malawi,-13.9899,33.7703,3739544
Togo,6.1228,1.2255,3683321
Turkmenistan,37.9509,58.3794,3528974
Burundi,-3.3784,29.3639,3488105
Ireland,53.3441,-6.26749,3472031
Uruguay,-34.8941,-56.0675,3237517
Mauritania,18.2367,-15.9824,3133008
Liberia,6.30039,-10.7957,3117291
Lao PDR,18.5826,102.177,3073369
Puerto Rico (US),18.23,-66.0,3018503
Panama,8.99427,-79.5188,2980093
Slovak Republic,48.1484,17.1073,2884105
Qatar,25.2948,51.5082,2838446
Tajikistan,38.5878,68.7864,2772578
South Sudan,4.85,31.6,2553121
Kyrgyz Republic,42.8851,74.6057,2507577
Mongolia,47.9129,106.937,2501070
Central African Republic,5.63056,21.6407,2352133
Gabon,0.38832,9.45162,2332363
Georgia,41.71,44.793,2328646
Croatia,45.8069,15.9614,2223680
Armenia,40.1596,44.509,1996388
Lithuania,54.6896,25.2799,1987961
"Gambia, The",13.4495,-16.5885,1774656
Botswana,-24.6544,25.9201,1700820
Jamaica,17.9927,-76.792,1673130
Bosnia and Herzegovina,43.8607,18.4214,1649286
Papua New Guinea,-9.47357,147.194,1629435
Bahrain,26.1921,50.5354,1588670
Namibia,-22.5648,17.0931,1527453
Albania,41.3317,19.8172,1391722
Equatorial Guinea,3.7523,8.7741,1350450
Latvia,56.9465,24.1048,1277995
Eritrea,15.3315,38.9183,1221075
Slovenia,46.0546,14.5044,1186191
North Macedonia,42.0024,21.4361,1141402
Moldova,47.0167,28.8497,1045399
Lesotho,-29.5208,27.7167,1020940
Guinea-Bissau,11.8037,-15.1804,1015114
Estonia,59.4392,24.7586,970219
Cyprus,35.1676,33.3736,905735
Djibouti,11.5806,43.1425,852060
Kosovo,42.565,20.926,802301
Trinidad and Tobago,10.6596,-61.4789,738367
"Macao SAR, China",22.1667,113.55,687000
Luxembourg,49.61,6.1296,642104
Fiji,-18.1149,178.399,548695
Malta,35.9042,14.5189,544128
Mauritius,-20.1605,57.4977,486056
Suriname,5.8232,-55.1679,417228
Montenegro,42.4602,19.2595,408672
Cabo Verde,14.9218,-23.5087,402959
Timor-Leste,-8.56667,125.567,401480
Iceland,64.1353,-21.8952,364019
Brunei Darussalam,4.94199,114.946,346570
Bhutan,27.5768,89.6177,336908
"Bahamas, The",25.0661,-77.339,326343
Eswatini,-26.5225,31.4659,326239
Comoros,-11.6986,43.2418,290660
Solomon Islands,-9.42676,159.949,251180
Maldives,4.1742,73.5109,221666
Guyana,6.80461,-58.1548,220053
New Caledonia,-22.2677,166.464,198853
Belize,17.2534,-88.7713,174141
French Polynesia,-17.535,-149.57,173929
Barbados,13.0935,-59.6105,168180
Sao Tome and Principe,0.20618,6.6071,162216
Guam,13.4443,144.794,158000
Curacao,12.108,-68.9335,142604
Virgin Islands (U.S.),18.3358,-64.8963,99504
Kiribati,1.32905,172.979,84023
Cayman Islands,19.3022,-81.3857,74457
Vanuatu,-17.7404,168.321,73051
Andorra,42.5075,1.5218,72831
Aruba,12.5167,-70.0167,66731
Bermuda,32.3293,-64.706,64636
Channel Islands,49.4556,-2.5361,54987
Seychelles,-4.6309,55.4466,54961
St. Lucia,14.0,-60.9832,52301
Greenland,64.1836,-51.7214,50197
Dominica,15.2976,-61.39,48690
St. Vincent and the Grenadines,13.2035,-61.2653,48143
Isle of Man,54.1509,-4.47928,43901
Turks and Caicos Islands,21.4602778,-71.141389,43821
Sint Maarten (Dutch part),18.0237,-63.0458,43350
Grenada,12.0653,-61.7449,42854
Northern Mariana Islands,15.1935,145.765,40769
Gibraltar,36.1408,-5.3536,39329
Monaco,43.7325,7.41891,38631
Samoa,-13.8314,-171.752,38160
American Samoa,-14.2846,-170.691,37854
San Marino,43.9322,12.4486,33011
Marshall Islands,7.11046,171.135,29563
St. Martin (French part),18.0708,-63.0847,26129
"Micronesia, Fed. Sts.",6.91771,158.185,25412
Antigua and Barbuda,17.1175,-61.8456,22872
British Virgin Islands,18.431389,-64.623056,22304
Tonga,-21.136,-175.216,22034
Faroe Islands,61.8926,-6.91181,21535
St. Kitts and Nevis,17.3,-62.7309,14894
Palau,7.34194,134.479,14016
Nauru,-0.5477,166.920867,11947
Tuvalu,-8.6314877,179.089567,6243
Liechtenstein,47.1411,9.52148,5929
